종목,symbol,stock_code,업종,type_code,WICS,WICS_code,연도,자산,부채,자본,매출액,액면가
삼성전자,126380,5930,"전기,전자",13,반도체와 반도체 장비,G453010,2015,2.42E+14,6.31E+13,1.79E+14,2.01E+14,25200
삼성전자,126380,5930,"전기,전자",13,반도체와 반도체 장비,G453010,2016,2.62E+14,6.92E+13,1.93E+14,2.02E+14,35980
삼성전자,126380,5930,"전기,전자",13,반도체와 반도체 장비,G453010,2017,3.02E+14,8.73E+13,2.14E+14,2.40E+14,51380
삼성전자,126380,5930,"전기,전자",13,반도체와 반도체 장비,G453010,2018,3.39E+14,9.16E+13,2.48E+14,2.44E+14,39400
삼성전자,126380,5930,"전기,전자",13,반도체와 반도체 장비,G453010,2019,3.53E+14,8.97E+13,2.63E+14,2.30E+14,55500
삼성전자,126380,5930,"전기,전자",13,반도체와 반도체 장비,G453010,2020,3.78E+14,1.02E+14,2.76E+14,2.37E+14,81000
SK하이닉스,164779,660,"전기,전자",13,반도체와 반도체 장비,G453010,2015,2.97E+13,8.29E+12,2.14E+13,1.88E+13,30550
SK하이닉스,164779,660,"전기,전자",13,반도체와 반도체 장비,G453010,2016,3.22E+13,8.19E+12,2.40E+13,1.72E+13,44750
SK하이닉스,164779,660,"전기,전자",13,반도체와 반도체 장비,G453010,2017,4.54E+13,1.16E+13,3.38E+13,3.01E+13,77300
SK하이닉스,164779,660,"전기,전자",13,반도체와 반도체 장비,G453010,2018,6.37E+13,1.68E+13,4.69E+13,4.04E+13,61300
SK하이닉스,164779,660,"전기,전자",13,반도체와 반도체 장비,G453010,2019,6.48E+13,1.68E+13,4.79E+13,2.70E+13,96000
SK하이닉스,164779,660,"전기,전자",13,반도체와 반도체 장비,G453010,2020,7.12E+13,1.93E+13,5.19E+13,3.19E+13,124500
NAVER,266961,35420,서비스업,26,양방향미디어와서비스,G502050,2015,4.39E+12,2.12E+12,2.27E+12,3.25E+12,130182
NAVER,266961,35420,서비스업,26,양방향미디어와서비스,G502050,2016,6.37E+12,2.24E+12,4.13E+12,4.02E+12,155820
NAVER,266961,35420,서비스업,26,양방향미디어와서비스,G502050,2017,8.02E+12,2.71E+12,5.31E+12,4.68E+12,174447
NAVER,266961,35420,서비스업,26,양방향미디어와서비스,G502050,2018,9.88E+12,3.93E+12,5.95E+12,5.59E+12,121000
NAVER,266961,35420,서비스업,26,양방향미디어와서비스,G502050,2019,1.23E+13,5.80E+12,6.50E+12,6.59E+12,187500
NAVER,266961,35420,서비스업,26,양방향미디어와서비스,G502050,2020,1.70E+13,8.76E+12,8.26E+12,5.30E+12,291500
삼성바이오로직스,877059,207940,의약품,9,제약,G352020,2020,6.42E+12,1.83E+12,4.60E+12,1.16E+12,819000
카카오,258801,35720,서비스업,26,양방향미디어와서비스,G502050,2015,3.19E+12,6.03E+11,2.59E+12,9.32E+11,23583
카카오,258801,35720,서비스업,26,양방향미디어와서비스,G502050,2016,5.48E+12,1.78E+12,3.70E+12,1.46E+12,15534
LG화학,356361,51910,화학,8,화학,G151010,2015,1.86E+13,5.48E+12,1.31E+13,2.02E+13,332500
LG화학,356361,51910,화학,8,화학,G151010,2016,2.05E+13,6.44E+12,1.41E+13,2.07E+13,250000
LG화학,356361,51910,화학,8,화학,G151010,2017,2.50E+13,8.70E+12,1.63E+13,2.57E+13,407000
LG화학,356361,51910,화학,8,화학,G151010,2018,2.89E+13,1.16E+13,1.73E+13,2.82E+13,351000
LG화학,356361,51910,화학,8,화학,G151010,2019,3.40E+13,1.66E+13,1.74E+13,2.86E+13,321000
LG화학,356361,51910,화학,8,화학,G151010,2020,4.14E+13,2.26E+13,1.88E+13,3.01E+13,849000
삼성SDI,126362,6400,"전기,전자",13,전기제품,G453520,2015,1.62E+13,4.97E+12,1.13E+13,7.57E+12,115500
삼성SDI,126362,6400,"전기,전자",13,전기제품,G453520,2016,1.49E+13,3.94E+12,1.10E+13,5.20E+12,103500
삼성SDI,126362,6400,"전기,전자",13,전기제품,G453520,2017,1.58E+13,4.30E+12,1.15E+13,6.32E+12,207500
삼성SDI,126362,6400,"전기,전자",13,전기제품,G453520,2018,1.93E+13,7.12E+12,1.22E+13,9.16E+12,222000
삼성SDI,126362,6400,"전기,전자",13,전기제품,G453520,2019,1.99E+13,7.19E+12,1.27E+13,1.01E+13,237000
삼성SDI,126362,6400,"전기,전자",13,전기제품,G453520,2020,2.15E+13,8.18E+12,1.34E+13,1.13E+13,660000
현대자동차,164742,5380,운수장비,15,자동차,G251020,2015,1.65E+14,9.85E+13,6.69E+13,9.20E+13,147500
현대자동차,164742,5380,운수장비,15,자동차,G251020,2016,1.79E+14,1.06E+14,7.23E+13,9.36E+13,146000
현대자동차,164742,5380,운수장비,15,자동차,G251020,2017,1.78E+14,1.03E+14,7.48E+13,9.64E+13,150500
현대자동차,164742,5380,운수장비,15,자동차,G251020,2018,1.81E+14,1.07E+14,7.39E+13,9.68E+13,117500
현대자동차,164742,5380,운수장비,15,자동차,G251020,2019,1.95E+14,1.18E+14,7.64E+13,1.06E+14,121000
현대자동차,164742,5380,운수장비,15,자동차,G251020,2020,2.09E+14,1.33E+14,7.63E+13,1.04E+14,194000
기아,106641,270,운수장비,15,자동차,G251020,2015,4.60E+13,2.18E+13,2.42E+13,4.95E+13,51700
기아,106641,270,운수장비,15,자동차,G251020,2016,5.09E+13,2.43E+13,2.66E+13,5.27E+13,39000
기아,106641,270,운수장비,15,자동차,G251020,2017,5.23E+13,2.54E+13,2.69E+13,5.35E+13,33000
기아,106641,270,운수장비,15,자동차,G251020,2018,5.18E+13,2.45E+13,2.72E+13,5.42E+13,33450
기아,106641,270,운수장비,15,자동차,G251020,2019,5.53E+13,2.64E+13,2.90E+13,5.81E+13,44100
기아,106641,270,운수장비,15,자동차,G251020,2020,6.05E+13,3.06E+13,2.99E+13,5.92E+13,62400
셀트리온,413046,68270,의약품,9,제약,G352020,2015,2.75E+12,9.38E+11,1.81E+12,6.03E+11,73269
셀트리온,413046,68270,의약품,9,제약,G352020,2016,3.02E+12,8.23E+11,2.20E+12,6.71E+11,97219
셀트리온,413046,68270,의약품,9,제약,G352020,2017,3.46E+12,8.87E+11,2.57E+12,9.49E+11,206047
셀트리온,413046,68270,의약품,9,제약,G352020,2018,3.54E+12,9.08E+11,2.63E+12,9.82E+11,210570
셀트리온,413046,68270,의약품,9,제약,G352020,2019,3.89E+12,9.87E+11,2.91E+12,1.13E+12,177742
셀트리온,413046,68270,의약품,9,제약,G352020,2020,5.05E+12,1.59E+12,3.46E+12,1.85E+12,351500
포스코,155319,5490,철강및금속,11,철강,G151050,2015,8.04E+13,3.53E+13,4.51E+13,5.82E+13,167000
포스코,155319,5490,철강및금속,11,철강,G151050,2016,7.98E+13,3.39E+13,4.58E+13,5.31E+13,256500
포스코,155319,5490,철강및금속,11,철강,G151050,2017,7.90E+13,3.16E+13,4.75E+13,6.07E+13,335000
포스코,155319,5490,철강및금속,11,철강,G151050,2018,7.82E+13,3.15E+13,4.68E+13,6.50E+13,244500
포스코,155319,5490,철강및금속,11,철강,G151050,2019,7.91E+13,3.13E+13,4.78E+13,6.44E+13,236000
포스코,155319,5490,철강및금속,11,철강,G151050,2020,7.91E+13,3.14E+13,4.77E+13,5.78E+13,272500
현대모비스,164788,12330,운수장비,15,자동차부품,G251010,2015,3.78E+13,1.21E+13,2.57E+13,3.60E+13,242000
현대모비스,164788,12330,운수장비,15,자동차부품,G251010,2016,4.17E+13,1.32E+13,2.86E+13,3.83E+13,264000
현대모비스,164788,12330,운수장비,15,자동차부품,G251010,2017,4.17E+13,1.24E+13,2.94E+13,3.51E+13,262500
현대모비스,164788,12330,운수장비,15,자동차부품,G251010,2018,4.31E+13,1.24E+13,3.07E+13,3.51E+13,190500
현대모비스,164788,12330,운수장비,15,자동차부품,G251010,2019,4.66E+13,1.42E+13,3.24E+13,3.80E+13,254500
현대모비스,164788,12330,운수장비,15,자동차부품,G251010,2020,4.85E+13,1.52E+13,3.33E+13,3.66E+13,260500
삼성물산,149655,28260,유통업,16,복합기업,G201050,2015,4.24E+13,2.40E+13,1.83E+13,1.33E+13,140500
삼성물산,149655,28260,유통업,16,복합기업,G201050,2016,4.45E+13,2.34E+13,2.11E+13,2.81E+13,125500
삼성물산,149655,28260,유통업,16,복합기업,G201050,2017,4.90E+13,2.39E+13,2.52E+13,2.93E+13,125500
삼성물산,149655,28260,유통업,16,복합기업,G201050,2018,4.24E+13,1.99E+13,2.25E+13,3.12E+13,105500
삼성물산,149655,28260,유통업,16,복합기업,G201050,2019,4.59E+13,1.92E+13,2.67E+13,3.08E+13,109000
삼성물산,149655,28260,유통업,16,복합기업,G201050,2020,5.43E+13,2.14E+13,3.29E+13,3.02E+13,138500
LG전자,401731,66570,"전기,전자",13,전자제품,G453510,2015,3.63E+13,2.33E+13,1.30E+13,5.65E+13,53900
LG전자,401731,66570,"전기,전자",13,전자제품,G453510,2016,3.79E+13,2.45E+13,1.34E+13,5.54E+13,51800
LG전자,401731,66570,"전기,전자",13,전자제품,G453510,2017,4.12E+13,2.65E+13,1.47E+13,6.14E+13,106500
LG전자,401731,66570,"전기,전자",13,전자제품,G453510,2018,4.43E+13,2.80E+13,1.63E+13,6.13E+13,63300
LG전자,401731,66570,"전기,전자",13,전자제품,G453510,2019,4.49E+13,2.84E+13,1.64E+13,6.23E+13,71800
LG전자,401731,66570,"전기,전자",13,전자제품,G453510,2020,4.82E+13,3.07E+13,1.75E+13,6.33E+13,136500
SK,181712,34730,금융업,21,복합기업,G201050,2015,9.66E+13,5.66E+13,4.01E+13,3.96E+13,243000
SK,181712,34730,금융업,21,복합기업,G201050,2016,1.03E+14,6.07E+13,4.23E+13,8.36E+13,231000
SK,181712,34730,금융업,21,복합기업,G201050,2017,1.10E+14,6.40E+13,4.58E+13,9.33E+13,283000
SK,181712,34730,금융업,21,복합기업,G201050,2018,1.19E+14,6.86E+13,5.09E+13,1.02E+14,261000
SK,181712,34730,금융업,21,복합기업,G201050,2019,1.32E+14,7.98E+13,5.22E+13,9.93E+13,262500
SK,181712,34730,금융업,21,복합기업,G201050,2020,1.38E+14,8.58E+13,5.19E+13,8.18E+13,241000
SK이노베이션,631518,96770,화학,8,석유와 가스,G101020,2015,3.14E+13,1.43E+13,1.70E+13,4.84E+13,130500
SK이노베이션,631518,96770,화학,8,석유와 가스,G101020,2016,3.26E+13,1.43E+13,1.83E+13,3.95E+13,145500
SK이노베이션,631518,96770,화학,8,석유와 가스,G101020,2017,3.42E+13,1.49E+13,1.93E+13,4.63E+13,205500
SK이노베이션,631518,96770,화학,8,석유와 가스,G101020,2018,3.61E+13,1.68E+13,1.93E+13,5.45E+13,180000
SK이노베이션,631518,96770,화학,8,석유와 가스,G101020,2019,3.95E+13,2.13E+13,1.82E+13,4.99E+13,150500
SK이노베이션,631518,96770,화학,8,석유와 가스,G101020,2020,3.85E+13,2.30E+13,1.55E+13,3.42E+13,203000
LG생활건강,356370,51900,화학,8,화장품,G252065,2015,4.21E+12,2.10E+12,2.12E+12,5.33E+12,1034000
LG생활건강,356370,51900,화학,8,화장품,G252065,2016,4.50E+12,1.88E+12,2.62E+12,6.09E+12,845000
LG생활건강,356370,51900,화학,8,화장품,G252065,2017,4.78E+12,1.70E+12,3.08E+12,6.27E+12,1195000
LG생활건강,356370,51900,화학,8,화장품,G252065,2018,5.28E+12,1.68E+12,3.59E+12,6.75E+12,1106000
LG생활건강,356370,51900,화학,8,화장품,G252065,2019,6.49E+12,2.26E+12,4.24E+12,7.69E+12,1254000
LG생활건강,356370,51900,화학,8,화장품,G252065,2020,6.80E+12,1.95E+12,4.85E+12,7.84E+12,1604000
엔씨소프트,261443,36570,서비스업,26,게임엔터테인먼트,G502040,2015,2.22E+12,4.30E+11,1.79E+12,8.38E+11,213000
엔씨소프트,261443,36570,서비스업,26,게임엔터테인먼트,G502040,2016,2.36E+12,4.65E+11,1.90E+12,9.84E+11,246000
엔씨소프트,261443,36570,서비스업,26,게임엔터테인먼트,G502040,2017,3.53E+12,7.97E+11,2.73E+12,1.76E+12,448000
엔씨소프트,261443,36570,서비스업,26,게임엔터테인먼트,G502040,2018,2.94E+12,5.62E+11,2.38E+12,1.72E+12,464500
엔씨소프트,261443,36570,서비스업,26,게임엔터테인먼트,G502040,2019,3.35E+12,8.34E+11,2.51E+12,1.70E+12,542000
엔씨소프트,261443,36570,서비스업,26,게임엔터테인먼트,G502040,2020,4.08E+12,9.37E+11,3.14E+12,2.42E+12,949000
하이브,1204056,352820,서비스업,26,방송과엔터테인먼트,G502020,2020,1.92E+12,7.26E+11,1.20E+12,7.96E+11,158400
한국전력공사,159193,15760,전기가스업,17,전기 유틸리티,G551010,2015,1.75E+14,1.07E+14,6.79E+13,5.90E+13,50100
한국전력공사,159193,15760,전기가스업,17,전기 유틸리티,G551010,2016,1.78E+14,1.05E+14,7.31E+13,6.02E+13,44200
한국전력공사,159193,15760,전기가스업,17,전기 유틸리티,G551010,2017,1.82E+14,1.09E+14,7.30E+13,5.98E+13,37800
한국전력공사,159193,15760,전기가스업,17,전기 유틸리티,G551010,2018,1.85E+14,1.14E+14,7.11E+13,6.06E+13,33150
한국전력공사,159193,15760,전기가스업,17,전기 유틸리티,G551010,2019,1.98E+14,1.29E+14,6.89E+13,5.92E+13,28100
한국전력공사,159193,15760,전기가스업,17,전기 유틸리티,G551010,2020,2.03E+14,1.32E+14,7.07E+13,5.86E+13,27600
삼성전기,126371,9150,"전기,전자",13,전자장비와 기기,G452030,2015,7.27E+12,2.95E+12,4.32E+12,6.18E+12,62900
삼성전기,126371,9150,"전기,전자",13,전자장비와 기기,G452030,2016,7.66E+12,3.33E+12,4.34E+12,6.03E+12,50400
삼성전기,126371,9150,"전기,전자",13,전자장비와 기기,G452030,2017,7.77E+12,3.44E+12,4.33E+12,6.84E+12,100000
삼성전기,126371,9150,"전기,전자",13,전자장비와 기기,G452030,2018,8.64E+12,3.70E+12,4.95E+12,8.19E+12,104500
삼성전기,126371,9150,"전기,전자",13,전자장비와 기기,G452030,2019,8.67E+12,3.24E+12,5.43E+12,8.04E+12,126000
삼성전기,126371,9150,"전기,전자",13,전자장비와 기기,G452030,2020,9.23E+12,3.32E+12,5.91E+12,8.21E+12,178000
LG,120021,3550,금융업,21,복합기업,G201050,2015,1.81E+13,4.82E+12,1.33E+13,9.97E+12,65937
LG,120021,3550,금융업,21,복합기업,G201050,2016,1.95E+13,5.27E+12,1.42E+13,1.07E+13,56301
LG,120021,3550,금융업,21,복합기업,G201050,2017,2.16E+13,5.47E+12,1.62E+13,1.18E+13,85869
LG,120021,3550,금융업,21,복합기업,G201050,2018,2.28E+13,4.67E+12,1.82E+13,1.19E+13,65559
LG,120021,3550,금융업,21,복합기업,G201050,2019,2.24E+13,3.41E+12,1.90E+13,6.58E+12,69999
LG,120021,3550,금융업,21,복합기업,G201050,2020,2.43E+13,3.42E+12,2.09E+13,6.63E+12,83130
포스코케미칼,155276,3670,비금속광물,10,화학,G151010,2015,7.18E+11,1.79E+11,5.38E+11,1.22E+12,12812
포스코케미칼,155276,3670,비금속광물,10,화학,G151010,2016,7.24E+11,1.54E+11,5.69E+11,1.12E+12,11309
포스코케미칼,155276,3670,비금속광물,10,화학,G151010,2017,8.36E+11,1.84E+11,6.52E+11,1.20E+12,37919
포스코케미칼,155276,3670,비금속광물,10,화학,G151010,2018,9.48E+11,1.89E+11,7.58E+11,1.38E+12,60539
포스코케미칼,155276,3670,비금속광물,10,화학,G151010,2019,1.73E+12,7.24E+11,1.01E+12,1.48E+12,46506
포스코케미칼,155276,3670,비금속광물,10,화학,G151010,2020,2.09E+12,1.06E+12,1.02E+12,1.57E+12,105000
SK텔레콤,159023,17670,통신업,20,무선통신서비스,G501020,2015,2.86E+13,1.32E+13,1.54E+13,1.71E+13,37009
SK텔레콤,159023,17670,통신업,20,무선통신서비스,G501020,2016,3.13E+13,1.52E+13,1.61E+13,1.71E+13,38648
SK텔레콤,159023,17670,통신업,20,무선통신서비스,G501020,2017,3.34E+13,1.54E+13,1.80E+13,1.75E+13,46067
SK텔레콤,159023,17670,통신업,20,무선통신서비스,G501020,2018,4.24E+13,2.00E+13,2.23E+13,1.69E+13,46153
SK텔레콤,159023,17670,통신업,20,무선통신서비스,G501020,2019,4.46E+13,2.18E+13,2.28E+13,1.77E+13,41149
SK텔레콤,159023,17670,통신업,20,무선통신서비스,G501020,2020,4.79E+13,2.35E+13,2.44E+13,1.86E+13,41149
HMM,164645,11200,운수창고,19,해운사,G203030,2015,5.94E+12,5.71E+12,2.29E+11,5.77E+12,26357
HMM,164645,11200,운수창고,19,해운사,G203030,2016,4.40E+12,3.45E+12,9.51E+11,4.58E+12,6074
HMM,164645,11200,운수창고,19,해운사,G203030,2017,3.60E+12,2.71E+12,8.97E+11,5.03E+12,5110
HMM,164645,11200,운수창고,19,해운사,G203030,2018,4.12E+12,3.08E+12,1.04E+12,5.22E+12,3745
HMM,164645,11200,운수창고,19,해운사,G203030,2019,7.16E+12,6.07E+12,1.09E+12,5.51E+12,3555
HMM,164645,11200,운수창고,19,해운사,G203030,2020,9.37E+12,7.68E+12,1.69E+12,6.41E+12,14900
케이티앤지,244455,33780,미분류,-1,담배,G302030,2015,8.59E+12,2.35E+12,6.23E+12,4.13E+12,104000
케이티앤지,244455,33780,미분류,-1,담배,G302030,2016,9.73E+12,2.68E+12,7.05E+12,4.47E+12,101000
케이티앤지,244455,33780,미분류,-1,담배,G302030,2017,1.00E+13,2.16E+12,7.86E+12,4.67E+12,115000
케이티앤지,244455,33780,미분류,-1,담배,G302030,2018,1.02E+13,2.03E+12,8.17E+12,4.47E+12,100500
케이티앤지,244455,33780,미분류,-1,담배,G302030,2019,1.08E+13,2.01E+12,8.74E+12,4.96E+12,93800
케이티앤지,244455,33780,미분류,-1,담배,G302030,2020,1.15E+13,2.38E+12,9.09E+12,5.30E+12,83000
삼성에스디에스,126186,18260,서비스업,26,IT서비스,G451020,2015,6.33E+12,1.55E+12,4.78E+12,7.85E+12,252000
삼성에스디에스,126186,18260,서비스업,26,IT서비스,G451020,2016,6.84E+12,1.55E+12,5.29E+12,8.18E+12,141000
삼성에스디에스,126186,18260,서비스업,26,IT서비스,G451020,2017,7.28E+12,1.56E+12,5.72E+12,9.30E+12,200000
삼성에스디에스,126186,18260,서비스업,26,IT서비스,G451020,2018,8.01E+12,1.87E+12,6.15E+12,1.00E+13,205000
삼성에스디에스,126186,18260,서비스업,26,IT서비스,G451020,2019,9.02E+12,2.30E+12,6.73E+12,1.07E+13,194500
삼성에스디에스,126186,18260,서비스업,26,IT서비스,G451020,2020,9.15E+12,2.30E+12,6.86E+12,1.10E+13,179000
넷마블,904672,251270,서비스업,26,게임엔터테인먼트,G502040,2017,5.35E+12,8.82E+11,4.47E+12,2.42E+12,188500
넷마블,904672,251270,서비스업,26,게임엔터테인먼트,G502040,2018,5.43E+12,8.82E+11,4.55E+12,2.02E+12,113500
넷마블,904672,251270,서비스업,26,게임엔터테인먼트,G502040,2019,5.81E+12,1.16E+12,4.65E+12,2.18E+12,92200
넷마블,904672,251270,서비스업,26,게임엔터테인먼트,G502040,2020,8.22E+12,2.57E+12,5.65E+12,2.48E+12,132000
두산중공업,159616,34020,기계,12,기계,G201060,2015,2.73E+13,2.02E+13,7.03E+12,1.62E+13,16248
두산중공업,159616,34020,기계,12,기계,G201060,2016,2.48E+13,1.80E+13,6.82E+12,1.39E+13,21599
두산중공업,159616,34020,기계,12,기계,G201060,2017,2.50E+13,1.84E+13,6.57E+12,1.45E+13,12126
두산중공업,159616,34020,기계,12,기계,G201060,2018,2.48E+13,1.86E+13,6.22E+12,1.48E+13,7767
두산중공업,159616,34020,기계,12,기계,G201060,2019,2.48E+13,1.86E+13,6.20E+12,1.57E+13,5263
두산중공업,159616,34020,기계,12,기계,G201060,2020,2.56E+13,1.85E+13,7.11E+12,1.51E+13,13600
현대중공업,1390344,329180,운수장비,15,조선,G201065,2020,1.38E+13,8.44E+12,5.36E+12,8.31E+12,0
고려아연,102858,10130,철강및금속,11,비철금속,G151040,2015,5.91E+12,6.89E+11,5.22E+12,4.77E+12,463000
고려아연,102858,10130,철강및금속,11,비철금속,G151040,2016,6.48E+12,8.20E+11,5.66E+12,5.85E+12,468000
고려아연,102858,10130,철강및금속,11,비철금속,G151040,2017,7.04E+12,9.32E+11,6.11E+12,6.60E+12,495500
고려아연,102858,10130,철강및금속,11,비철금속,G151040,2018,7.23E+12,8.51E+11,6.37E+12,6.88E+12,427500
고려아연,102858,10130,철강및금속,11,비철금속,G151040,2019,7.84E+12,1.00E+12,6.84E+12,6.69E+12,428000
고려아연,102858,10130,철강및금속,11,비철금속,G151040,2020,8.50E+12,1.41E+12,7.09E+12,7.58E+12,404000
대한항공,113526,3490,운수창고,19,항공사,G203020,2015,2.42E+13,2.17E+13,2.50E+12,1.15E+13,16946
대한항공,113526,3490,운수창고,19,항공사,G203020,2016,2.40E+13,2.21E+13,1.87E+12,1.17E+13,16671
대한항공,113526,3490,운수창고,19,항공사,G203020,2017,2.46E+13,2.09E+13,3.75E+12,1.21E+13,22110
대한항공,113526,3490,운수창고,19,항공사,G203020,2018,2.56E+13,2.27E+13,2.89E+12,1.30E+13,21365
대한항공,113526,3490,운수창고,19,항공사,G203020,2019,2.70E+13,2.42E+13,2.78E+12,1.27E+13,18479
대한항공,113526,3490,운수창고,19,항공사,G203020,2020,2.52E+13,2.19E+13,3.31E+12,7.61E+12,21284
아모레퍼시픽,583424,90430,화학,8,화장품,G252065,2015,4.44E+12,1.07E+12,3.37E+12,4.77E+12,415000
아모레퍼시픽,583424,90430,화학,8,화장품,G252065,2016,5.18E+12,1.28E+12,3.90E+12,5.65E+12,315500
아모레퍼시픽,583424,90430,화학,8,화장품,G252065,2017,5.38E+12,1.20E+12,4.18E+12,5.12E+12,312000
아모레퍼시픽,583424,90430,화학,8,화장품,G252065,2018,5.37E+12,9.25E+11,4.45E+12,5.28E+12,208000
아모레퍼시픽,583424,90430,화학,8,화장품,G252065,2019,5.99E+12,1.49E+12,4.50E+12,5.58E+12,202500
아모레퍼시픽,583424,90430,화학,8,화장품,G252065,2020,5.70E+12,1.24E+12,4.46E+12,4.43E+12,206500
S0Oil,138279,10950,화학,8,석유와 가스,G101020,2015,1.08E+13,5.41E+12,5.39E+12,1.79E+13,79500
S0Oil,138279,10950,화학,8,석유와 가스,G101020,2016,1.40E+13,7.57E+12,6.39E+12,1.63E+13,84300
S0Oil,138279,10950,화학,8,석유와 가스,G101020,2017,1.51E+13,8.24E+12,6.84E+12,2.09E+13,117000
S0Oil,138279,10950,화학,8,석유와 가스,G101020,2018,1.60E+13,9.49E+12,6.47E+12,2.55E+13,97300
S0Oil,138279,10950,화학,8,석유와 가스,G101020,2019,1.63E+13,9.84E+12,6.50E+12,2.44E+13,95100
S0Oil,138279,10950,화학,8,석유와 가스,G101020,2020,1.57E+13,1.00E+13,5.68E+12,1.68E+13,69700
케이티,190321,30200,통신업,20,다각화된 통신서비스,G501010,2015,2.93E+13,1.72E+13,1.22E+13,2.23E+13,28050
케이티,190321,30200,통신업,20,다각화된 통신서비스,G501010,2016,3.06E+13,1.78E+13,1.28E+13,2.27E+13,29400
케이티,190321,30200,통신업,20,다각화된 통신서비스,G501010,2017,2.96E+13,1.65E+13,1.31E+13,2.34E+13,30250
케이티,190321,30200,통신업,20,다각화된 통신서비스,G501010,2018,3.22E+13,1.75E+13,1.47E+13,2.35E+13,29700
케이티,190321,30200,통신업,20,다각화된 통신서비스,G501010,2019,3.41E+13,1.89E+13,1.52E+13,2.43E+13,26950
케이티,190321,30200,통신업,20,다각화된 통신서비스,G501010,2020,3.37E+13,1.81E+13,1.56E+13,2.39E+13,24050
SKC,139889,11790,화학,8,화학,G151010,2015,3.69E+12,2.13E+12,1.56E+12,2.56E+12,33550
SKC,139889,11790,화학,8,화학,G151010,2016,3.53E+12,2.00E+12,1.52E+12,2.36E+12,33000
SKC,139889,11790,화학,8,화학,G151010,2017,3.67E+12,2.07E+12,1.59E+12,2.65E+12,47650
SKC,139889,11790,화학,8,화학,G151010,2018,3.83E+12,2.14E+12,1.69E+12,2.77E+12,35950
SKC,139889,11790,화학,8,화학,G151010,2019,3.97E+12,2.25E+12,1.73E+12,2.54E+12,51300
SKC,139889,11790,화학,8,화학,G151010,2020,5.41E+12,3.49E+12,1.92E+12,2.70E+12,95800
에스케이바이오팜,878696,326030,서비스업,26,제약,G352020,2020,5.00E+11,1.21E+11,3.79E+11,25999026722,149500
LG이노텍,105961,11070,"전기,전자",13,전자장비와 기기,G452030,2015,3.91E+12,2.15E+12,1.77E+12,6.14E+12,98500
LG이노텍,105961,11070,"전기,전자",13,전자장비와 기기,G452030,2016,4.32E+12,2.55E+12,1.78E+12,5.75E+12,87400
LG이노텍,105961,11070,"전기,전자",13,전자장비와 기기,G452030,2017,5.88E+12,3.93E+12,1.95E+12,7.64E+12,147000
LG이노텍,105961,11070,"전기,전자",13,전자장비와 기기,G452030,2018,5.76E+12,3.64E+12,2.12E+12,7.98E+12,87200
LG이노텍,105961,11070,"전기,전자",13,전자장비와 기기,G452030,2019,5.77E+12,3.57E+12,2.20E+12,8.30E+12,140000
LG이노텍,105961,11070,"전기,전자",13,전자장비와 기기,G452030,2020,6.04E+12,3.61E+12,2.43E+12,9.54E+12,185500
LG디스플레이,105873,34220,"전기,전자",13,디스플레이 패널,G454010,2015,2.26E+13,9.87E+12,1.27E+13,2.84E+13,24500
LG디스플레이,105873,34220,"전기,전자",13,디스플레이 패널,G454010,2016,2.49E+13,1.14E+13,1.35E+13,2.65E+13,31200
LG디스플레이,105873,34220,"전기,전자",13,디스플레이 패널,G454010,2017,2.92E+13,1.42E+13,1.50E+13,2.78E+13,30050
LG디스플레이,105873,34220,"전기,전자",13,디스플레이 패널,G454010,2018,3.32E+13,1.83E+13,1.49E+13,2.43E+13,18100
LG디스플레이,105873,34220,"전기,전자",13,디스플레이 패널,G454010,2019,3.56E+13,2.31E+13,1.25E+13,2.35E+13,16450
LG디스플레이,105873,34220,"전기,전자",13,디스플레이 패널,G454010,2020,3.51E+13,2.23E+13,1.27E+13,2.42E+13,18850
한온시스템,161125,18880,기계,12,자동차부품,G251010,2015,3.46E+12,1.66E+12,1.80E+12,5.56E+12,10320
한온시스템,161125,18880,기계,12,자동차부품,G251010,2016,3.86E+12,1.97E+12,1.88E+12,5.70E+12,10200
한온시스템,161125,18880,기계,12,자동차부품,G251010,2017,4.12E+12,2.09E+12,2.03E+12,5.59E+12,13900
한온시스템,161125,18880,기계,12,자동차부품,G251010,2018,5.36E+12,3.22E+12,2.13E+12,5.94E+12,10800
한온시스템,161125,18880,기계,12,자동차부품,G251010,2019,7.08E+12,4.74E+12,2.34E+12,7.15E+12,11150
한온시스템,161125,18880,기계,12,자동차부품,G251010,2020,7.81E+12,5.57E+12,2.24E+12,6.87E+12,16250
롯데케미칼,165413,11170,화학,8,화학,G151010,2015,1.15E+13,3.91E+12,7.56E+12,1.17E+13,248000
롯데케미칼,165413,11170,화학,8,화학,G151010,2016,1.59E+13,6.47E+12,9.40E+12,1.32E+13,370000
롯데케미칼,165413,11170,화학,8,화학,G151010,2017,1.96E+13,7.30E+12,1.23E+13,1.59E+13,368000
롯데케미칼,165413,11170,화학,8,화학,G151010,2018,2.08E+13,7.25E+12,1.35E+13,1.65E+13,277500
롯데케미칼,165413,11170,화학,8,화학,G151010,2019,2.00E+13,5.99E+12,1.41E+13,1.51E+13,224000
롯데케미칼,165413,11170,화학,8,화학,G151010,2020,1.94E+13,5.67E+12,1.37E+13,1.22E+13,278000
한화솔루션,162461,9830,화학,8,화학,G151010,2015,1.39E+13,8.92E+12,4.93E+12,8.04E+12,26171
한화솔루션,162461,9830,화학,8,화학,G151010,2016,1.38E+13,8.35E+12,5.47E+12,9.26E+12,23990
한화솔루션,162461,9830,화학,8,화학,G151010,2017,1.36E+13,7.46E+12,6.19E+12,9.34E+12,31018
한화솔루션,162461,9830,화학,8,화학,G151010,2018,1.52E+13,9.00E+12,6.23E+12,9.05E+12,19725
한화솔루션,162461,9830,화학,8,화학,G151010,2019,1.57E+13,9.88E+12,5.81E+12,9.50E+12,18223
한화솔루션,162461,9830,화학,8,화학,G151010,2020,1.51E+13,9.17E+12,5.97E+12,9.20E+12,47011
한국조선해양,164830,9540,운수장비,15,조선,G201065,2015,4.95E+13,3.40E+13,1.54E+13,4.63E+13,79758
한국조선해양,164830,9540,운수장비,15,조선,G201065,2016,4.89E+13,3.12E+13,1.78E+13,3.93E+13,132628
한국조선해양,164830,9540,운수장비,15,조선,G201065,2017,3.04E+13,1.80E+13,1.24E+13,1.55E+13,96425
한국조선해양,164830,9540,운수장비,15,조선,G201065,2018,2.47E+13,1.16E+13,1.31E+13,1.31E+13,129500
한국조선해양,164830,9540,운수장비,15,조선,G201065,2019,2.51E+13,1.21E+13,1.29E+13,1.52E+13,127500
한국조선해양,164830,9540,운수장비,15,조선,G201065,2020,2.52E+13,1.28E+13,1.24E+13,1.49E+13,109000
일진머티리얼즈,113997,20150,"전기,전자",13,전자장비와 기기,G452030,2015,4.37E+11,2.04E+11,2.33E+11,4.58E+11,12150
일진머티리얼즈,113997,20150,"전기,전자",13,전자장비와 기기,G452030,2016,3.91E+11,96066000000,2.95E+11,3.99E+11,12925
일진머티리얼즈,113997,20150,"전기,전자",13,전자장비와 기기,G452030,2017,6.50E+11,1.20E+11,5.30E+11,4.54E+11,38600
일진머티리얼즈,113997,20150,"전기,전자",13,전자장비와 기기,G452030,2018,6.92E+11,1.64E+11,5.28E+11,5.02E+11,41300
일진머티리얼즈,113997,20150,"전기,전자",13,전자장비와 기기,G452030,2019,1.04E+12,2.21E+11,8.15E+11,5.50E+11,43500
일진머티리얼즈,113997,20150,"전기,전자",13,전자장비와 기기,G452030,2020,1.08E+12,2.27E+11,8.54E+11,5.37E+11,52000
LG유플러스,231363,32640,통신업,20,무선통신서비스,G501020,2015,1.20E+13,7.50E+12,4.45E+12,1.08E+13,10300
LG유플러스,231363,32640,통신업,20,무선통신서비스,G501020,2016,1.20E+13,7.16E+12,4.83E+12,1.15E+13,11550
LG유플러스,231363,32640,통신업,20,무선통신서비스,G501020,2017,1.19E+13,6.70E+12,5.23E+12,1.23E+13,14000
LG유플러스,231363,32640,통신업,20,무선통신서비스,G501020,2018,1.39E+13,7.09E+12,6.85E+12,1.21E+13,17650
LG유플러스,231363,32640,통신업,20,무선통신서비스,G501020,2019,1.79E+13,1.06E+13,7.35E+12,1.24E+13,14200
LG유플러스,231363,32640,통신업,20,무선통신서비스,G501020,2020,1.84E+13,1.07E+13,7.65E+12,1.34E+13,11800
현대글로비스,360595,86280,운수창고,19,항공화물운송과 물류,G203010,2015,7.48E+12,4.38E+12,3.10E+12,1.47E+13,191000
현대글로비스,360595,86280,운수창고,19,항공화물운송과 물류,G203010,2016,7.97E+12,4.49E+12,3.48E+12,1.53E+13,154500
현대글로비스,360595,86280,운수창고,19,항공화물운송과 물류,G203010,2017,8.19E+12,4.20E+12,3.99E+12,1.64E+13,137000
현대글로비스,360595,86280,운수창고,19,항공화물운송과 물류,G203010,2018,8.69E+12,4.43E+12,4.26E+12,1.69E+13,128500
현대글로비스,360595,86280,운수창고,19,항공화물운송과 물류,G203010,2019,1.01E+13,5.46E+12,4.67E+12,1.83E+13,142500
현대글로비스,360595,86280,운수창고,19,항공화물운송과 물류,G203010,2020,1.09E+13,5.83E+12,5.07E+12,1.65E+13,184000
CJ제일제당,635134,97950,음식료품,5,식품,G302020,2015,1.38E+13,8.37E+12,5.39E+12,1.29E+13,375000
CJ제일제당,635134,97950,음식료품,5,식품,G302020,2016,1.58E+13,9.71E+12,6.06E+12,1.46E+13,359000
CJ제일제당,635134,97950,음식료품,5,식품,G302020,2017,1.69E+13,1.07E+13,6.14E+12,1.65E+13,367500
CJ제일제당,635134,97950,음식료품,5,식품,G302020,2018,1.95E+13,1.22E+13,7.31E+12,1.87E+13,330500
CJ제일제당,635134,97950,음식료품,5,식품,G302020,2019,2.63E+13,1.68E+13,9.48E+12,2.24E+13,252500
CJ제일제당,635134,97950,음식료품,5,식품,G302020,2020,2.56E+13,1.54E+13,1.02E+13,2.42E+13,382500
코웨이,170558,21240,서비스업,26,가정용 기기와 용품,G252040,2015,1.78E+12,5.37E+11,1.24E+12,2.32E+12,83500
코웨이,170558,21240,서비스업,26,가정용 기기와 용품,G252040,2016,1.97E+12,7.84E+11,1.18E+12,2.38E+12,88900
코웨이,170558,21240,서비스업,26,가정용 기기와 용품,G252040,2017,2.16E+12,1.18E+12,9.82E+11,2.52E+12,97800
코웨이,170558,21240,서비스업,26,가정용 기기와 용품,G252040,2018,2.38E+12,1.29E+12,1.09E+12,2.71E+12,74500
코웨이,170558,21240,서비스업,26,가정용 기기와 용품,G252040,2019,2.85E+12,1.78E+12,1.08E+12,3.02E+12,92500
코웨이,170558,21240,서비스업,26,가정용 기기와 용품,G252040,2020,3.03E+12,1.54E+12,1.49E+12,3.24E+12,73000
현대제철,145880,4020,철강및금속,11,철강,G151050,2015,3.19E+13,1.64E+13,1.55E+13,1.61E+13,50000
현대제철,145880,4020,철강및금속,11,철강,G151050,2016,3.24E+13,1.60E+13,1.64E+13,1.67E+13,57000
현대제철,145880,4020,철강및금속,11,철강,G151050,2017,3.34E+13,1.63E+13,1.70E+13,1.92E+13,58100
현대제철,145880,4020,철강및금속,11,철강,G151050,2018,3.33E+13,1.63E+13,1.70E+13,2.08E+13,45250
현대제철,145880,4020,철강및금속,11,철강,G151050,2019,3.44E+13,1.71E+13,1.72E+13,2.05E+13,31600
현대제철,145880,4020,철강및금속,11,철강,G151050,2020,3.48E+13,1.82E+13,1.67E+13,1.80E+13,40050
현대건설,164478,720,건설업,18,건설,G201030,2015,1.94E+13,1.20E+13,7.39E+12,1.92E+13,27583
현대건설,164478,720,건설업,18,건설,G201030,2016,1.99E+13,1.17E+13,8.12E+12,1.88E+13,41740
현대건설,164478,720,건설업,18,건설,G201030,2017,1.84E+13,9.96E+12,8.47E+12,1.69E+13,35464
현대건설,164478,720,건설업,18,건설,G201030,2018,1.81E+13,9.76E+12,8.29E+12,1.67E+13,54972
현대건설,164478,720,건설업,18,건설,G201030,2019,1.82E+13,9.51E+12,8.71E+12,1.73E+13,41059
현대건설,164478,720,건설업,18,건설,G201030,2020,1.79E+13,9.17E+12,8.77E+12,1.70E+13,37021
한국타이어앤테크놀로지,937324,161390,화학,8,자동차부품,G251010,2015,9.50E+12,4.36E+12,5.14E+12,6.43E+12,47050
한국타이어앤테크놀로지,937324,161390,화학,8,자동차부품,G251010,2016,9.62E+12,3.66E+12,5.96E+12,6.62E+12,58200
한국타이어앤테크놀로지,937324,161390,화학,8,자동차부품,G251010,2017,9.52E+12,3.15E+12,6.37E+12,6.81E+12,54600
한국타이어앤테크놀로지,937324,161390,화학,8,자동차부품,G251010,2018,9.80E+12,3.01E+12,6.79E+12,6.80E+12,40000
한국타이어앤테크놀로지,937324,161390,화학,8,자동차부품,G251010,2019,1.02E+13,2.98E+12,7.19E+12,6.88E+12,33350
한국타이어앤테크놀로지,937324,161390,화학,8,자동차부품,G251010,2020,1.07E+13,3.25E+12,7.41E+12,6.45E+12,38150
금호석유화학,106368,11780,화학,8,화학,G151010,2015,4.21E+12,2.55E+12,1.66E+12,3.93E+12,52000
금호석유화학,106368,11780,화학,8,화학,G151010,2016,4.55E+12,2.82E+12,1.73E+12,3.97E+12,81700
금호석유화학,106368,11780,화학,8,화학,G151010,2017,4.58E+12,2.62E+12,1.96E+12,5.06E+12,99400
금호석유화학,106368,11780,화학,8,화학,G151010,2018,4.62E+12,2.27E+12,2.35E+12,5.58E+12,87000
금호석유화학,106368,11780,화학,8,화학,G151010,2019,4.54E+12,1.91E+12,2.63E+12,4.98E+12,77300
금호석유화학,106368,11780,화학,8,화학,G151010,2020,5.03E+12,1.88E+12,3.15E+12,4.81E+12,146000
강원랜드,255619,35250,서비스업,26,"호텔, 레스토랑, 레저",G253010,2015,3.69E+12,6.93E+11,3.00E+12,1.63E+12,38400
강원랜드,255619,35250,서비스업,26,"호텔, 레스토랑, 레저",G253010,2016,3.98E+12,7.26E+11,3.25E+12,1.70E+12,35900
강원랜드,255619,35250,서비스업,26,"호텔, 레스토랑, 레저",G253010,2017,4.19E+12,6.84E+11,3.50E+12,1.60E+12,31950
강원랜드,255619,35250,서비스업,26,"호텔, 레스토랑, 레저",G253010,2018,4.23E+12,6.44E+11,3.59E+12,1.44E+12,31500
강원랜드,255619,35250,서비스업,26,"호텔, 레스토랑, 레저",G253010,2019,4.44E+12,7.20E+11,3.72E+12,1.52E+12,29600
강원랜드,255619,35250,서비스업,26,"호텔, 레스토랑, 레저",G253010,2020,3.64E+12,3.95E+11,3.25E+12,4.79E+11,23500
삼성중공업,126478,10140,운수장비,15,조선,G201065,2015,1.73E+13,1.30E+13,4.27E+12,9.71E+12,7842
삼성중공업,126478,10140,운수장비,15,조선,G201065,2016,1.72E+13,1.09E+13,6.28E+12,1.04E+13,7703
삼성중공업,126478,10140,운수장비,15,조선,G201065,2017,1.38E+13,8.02E+12,5.80E+12,7.90E+12,6113
삼성중공업,126478,10140,운수장비,15,조선,G201065,2018,1.43E+13,7.54E+12,6.75E+12,5.27E+12,7050
삼성중공업,126478,10140,운수장비,15,조선,G201065,2019,1.36E+13,8.35E+12,5.25E+12,7.35E+12,6861
삼성중공업,126478,10140,운수장비,15,조선,G201065,2020,1.29E+13,9.20E+12,3.72E+12,6.86E+12,6692
현대중공업지주,1205709,267250,화학,8,석유와 가스,G101020,2017,2.09E+13,1.08E+13,1.01E+13,1.43E+13,77500
현대중공업지주,1205709,267250,화학,8,석유와 가스,G101020,2018,2.33E+13,1.28E+13,1.06E+13,2.73E+13,69600
현대중공업지주,1205709,267250,화학,8,석유와 가스,G101020,2019,2.57E+13,1.38E+13,1.19E+13,2.66E+13,67900
현대중공업지주,1205709,267250,화학,8,석유와 가스,G101020,2020,2.66E+13,1.55E+13,1.11E+13,1.89E+13,57000
삼성엔지니어링,126308,28050,서비스업,26,건설,G201030,2015,5.63E+12,5.94E+12,3.13E+11,6.44E+12,14700
삼성엔지니어링,126308,28050,서비스업,26,건설,G201030,2018,4.62E+12,3.62E+12,9.98E+11,5.47E+12,17650
삼성엔지니어링,126308,28050,서비스업,26,건설,G201030,2019,4.57E+12,3.27E+12,1.30E+12,6.39E+12,19300
삼성엔지니어링,126308,28050,서비스업,26,건설,G201030,2020,4.76E+12,3.17E+12,1.58E+12,6.75E+12,13350
유한양행,145109,100,의약품,9,제약,G352020,2015,1.88E+12,5.16E+11,1.36E+12,1.13E+12,44412
유한양행,145109,100,의약품,9,제약,G352020,2016,2.05E+12,5.49E+11,1.50E+12,1.32E+12,33095
유한양행,145109,100,의약품,9,제약,G352020,2017,2.09E+12,4.88E+11,1.61E+12,1.46E+12,38394
유한양행,145109,100,의약품,9,제약,G352020,2018,2.17E+12,5.22E+11,1.65E+12,1.52E+12,37741
유한양행,145109,100,의약품,9,제약,G352020,2019,2.12E+12,4.67E+11,1.65E+12,1.48E+12,45357
유한양행,145109,100,의약품,9,제약,G352020,2020,2.39E+12,5.47E+11,1.85E+12,1.62E+12,75700
이마트,872984,139480,유통업,16,백화점과 일반상점,G255030,2015,1.45E+13,7.25E+12,7.24E+12,1.36E+13,189000
이마트,872984,139480,유통업,16,백화점과 일반상점,G255030,2016,1.54E+13,7.30E+12,8.12E+12,1.48E+13,184000
이마트,872984,139480,유통업,16,백화점과 일반상점,G255030,2017,1.61E+13,7.30E+12,8.77E+12,1.59E+13,272000
이마트,872984,139480,유통업,16,백화점과 일반상점,G255030,2018,1.68E+13,7.90E+12,8.86E+12,1.70E+13,182000
이마트,872984,139480,유통업,16,백화점과 일반상점,G255030,2019,2.11E+13,1.09E+13,1.02E+13,1.91E+13,128000
이마트,872984,139480,유통업,16,백화점과 일반상점,G255030,2020,2.23E+13,1.18E+13,1.05E+13,2.20E+13,152000
오리온,1238169,271560,음식료품,5,식품,G302020,2017,2.26E+12,9.13E+11,1.34E+12,1.12E+12,104500
오리온,1238169,271560,음식료품,5,식품,G302020,2018,2.35E+12,9.07E+11,1.44E+12,1.93E+12,118000
오리온,1238169,271560,음식료품,5,식품,G302020,2019,2.45E+12,7.85E+11,1.67E+12,2.02E+12,106000
오리온,1238169,271560,음식료품,5,식품,G302020,2020,2.67E+12,7.68E+11,1.90E+12,2.23E+12,123500
쌍용씨앤이,138224,3410,비금속광물,10,건축자재,G201025,2015,2.93E+12,1.59E+12,1.35E+12,2.09E+12,3497
쌍용씨앤이,138224,3410,비금속광물,10,건축자재,G201025,2016,3.22E+12,1.40E+12,1.81E+12,2.06E+12,3275
쌍용씨앤이,138224,3410,비금속광물,10,건축자재,G201025,2017,3.50E+12,1.48E+12,2.02E+12,1.52E+12,4064
쌍용씨앤이,138224,3410,비금속광물,10,건축자재,G201025,2018,3.43E+12,1.45E+12,1.98E+12,1.51E+12,6934
쌍용씨앤이,138224,3410,비금속광물,10,건축자재,G201025,2019,3.33E+12,1.53E+12,1.80E+12,1.54E+12,6178
쌍용씨앤이,138224,3410,비금속광물,10,건축자재,G201025,2020,3.33E+12,1.64E+12,1.69E+12,1.47E+12,6710
두산밥캣,1032486,241560,기계,12,기계,G201060,2016,6.33E+12,2.97E+12,3.35E+12,3.95E+12,35600
두산밥캣,1032486,241560,기계,12,기계,G201060,2017,6.18E+12,2.76E+12,3.43E+12,3.39E+12,35950
두산밥캣,1032486,241560,기계,12,기계,G201060,2018,6.45E+12,2.71E+12,3.74E+12,3.97E+12,31450
두산밥캣,1032486,241560,기계,12,기계,G201060,2019,6.70E+12,2.73E+12,3.98E+12,4.51E+12,33900
두산밥캣,1032486,241560,기계,12,기계,G201060,2020,6.96E+12,2.89E+12,4.07E+12,4.28E+12,29500
한진칼,983040,180640,운수창고,19,항공사,G203020,2015,2.32E+12,8.47E+11,1.47E+12,7.22E+11,18976
한진칼,983040,180640,운수창고,19,항공사,G203020,2016,2.06E+12,9.56E+11,1.11E+12,9.91E+11,15200
한진칼,983040,180640,운수창고,19,항공사,G203020,2017,2.78E+12,1.06E+12,1.71E+12,1.15E+12,18450
한진칼,983040,180640,운수창고,19,항공사,G203020,2018,2.85E+12,1.13E+12,1.72E+12,1.30E+12,29800
한진칼,983040,180640,운수창고,19,항공사,G203020,2019,2.69E+12,1.27E+12,1.42E+12,1.20E+12,40050
한진칼,983040,180640,운수창고,19,항공사,G203020,2020,3.49E+12,1.82E+12,1.66E+12,4.09E+11,63200
GS,500254,78930,금융업,21,석유와 가스,G101020,2015,1.90E+13,1.09E+13,8.10E+12,1.23E+13,50300
GS,500254,78930,금융업,21,석유와 가스,G101020,2016,2.03E+13,1.14E+13,8.92E+12,1.35E+13,53900
GS,500254,78930,금융업,21,석유와 가스,G101020,2017,2.20E+13,1.23E+13,9.66E+12,1.62E+13,62100
GS,500254,78930,금융업,21,석유와 가스,G101020,2018,2.26E+13,1.21E+13,1.05E+13,1.77E+13,51100
GS,500254,78930,금융업,21,석유와 가스,G101020,2019,2.47E+13,1.37E+13,1.10E+13,1.78E+13,51300
GS,500254,78930,금융업,21,석유와 가스,G101020,2020,2.45E+13,1.37E+13,1.08E+13,1.54E+13,37700
아모레퍼시픽그룹,154462,2790,화학,8,화장품,G252065,2015,6.15E+12,1.26E+12,4.89E+12,5.66E+12,146162
아모레퍼시픽그룹,154462,2790,화학,8,화장품,G252065,2016,7.09E+12,1.52E+12,5.57E+12,6.70E+12,130698
아모레퍼시픽그룹,154462,2790,화학,8,화장품,G252065,2017,7.34E+12,1.40E+12,5.93E+12,6.03E+12,143169
아모레퍼시픽그룹,154462,2790,화학,8,화장품,G252065,2018,7.39E+12,1.14E+12,6.24E+12,6.08E+12,72333
아모레퍼시픽그룹,154462,2790,화학,8,화장품,G252065,2019,8.28E+12,1.80E+12,6.48E+12,6.28E+12,82800
아모레퍼시픽그룹,154462,2790,화학,8,화장품,G252065,2020,7.79E+12,1.52E+12,6.27E+12,4.93E+12,54900
한솔케미칼,140955,14680,화학,8,화학,G151010,2015,5.21E+11,2.74E+11,2.47E+11,3.68E+11,62200
한솔케미칼,140955,14680,화학,8,화학,G151010,2016,7.00E+11,3.59E+11,3.41E+11,4.60E+11,83300
한솔케미칼,140955,14680,화학,8,화학,G151010,2017,7.23E+11,3.32E+11,3.91E+11,5.22E+11,72500
한솔케미칼,140955,14680,화학,8,화학,G151010,2018,7.92E+11,3.44E+11,4.47E+11,5.82E+11,76400
한솔케미칼,140955,14680,화학,8,화학,G151010,2019,9.39E+11,4.19E+11,5.21E+11,5.88E+11,105000
한솔케미칼,140955,14680,화학,8,화학,G151010,2020,9.99E+11,3.77E+11,6.22E+11,6.19E+11,198000
한미사이언스,161426,8930,금융업,21,제약,G352020,2015,9.32E+11,3.48E+11,5.84E+11,7.77E+11,112710
한미사이언스,161426,8930,금융업,21,제약,G352020,2016,9.69E+11,3.22E+11,6.48E+11,6.65E+11,52045
한미사이언스,161426,8930,금융업,21,제약,G352020,2017,9.39E+11,2.74E+11,6.65E+11,6.52E+11,105945
한미사이언스,161426,8930,금융업,21,제약,G352020,2018,9.17E+11,2.63E+11,6.53E+11,7.08E+11,76482
한미사이언스,161426,8930,금융업,21,제약,G352020,2019,9.11E+11,2.65E+11,6.46E+11,8.17E+11,37518
한미사이언스,161426,8930,금융업,21,제약,G352020,2020,9.23E+11,2.64E+11,6.59E+11,8.57E+11,72900
한국가스공사,261285,36460,전기가스업,17,가스 유틸리티,G551020,2015,4.24E+13,3.23E+13,1.01E+13,2.61E+13,36600
한국가스공사,261285,36460,전기가스업,17,가스 유틸리티,G551020,2016,3.99E+13,3.05E+13,9.39E+12,2.11E+13,48100
한국가스공사,261285,36460,전기가스업,17,가스 유틸리티,G551020,2017,3.71E+13,2.90E+13,8.14E+12,2.22E+13,43000
한국가스공사,261285,36460,전기가스업,17,가스 유틸리티,G551020,2018,3.97E+13,3.12E+13,8.50E+12,2.62E+13,48250
한국가스공사,261285,36460,전기가스업,17,가스 유틸리티,G551020,2019,3.93E+13,3.12E+13,8.15E+12,2.50E+13,37850
한국가스공사,261285,36460,전기가스업,17,가스 유틸리티,G551020,2020,3.59E+13,2.82E+13,7.74E+12,2.08E+13,31300
한전기술,159209,52690,서비스업,26,전기 유틸리티,G551010,2020,7.00E+11,2.01E+11,4.99E+11,4.32E+11,18000
동서,144395,26960,유통업,16,식품,G302020,2015,1.26E+12,1.16E+11,1.14E+12,5.09E+11,31150
동서,144395,26960,유통업,16,식품,G302020,2016,1.33E+12,1.30E+11,1.20E+12,5.14E+11,27200
동서,144395,26960,유통업,16,식품,G302020,2017,1.39E+12,1.43E+11,1.24E+12,5.59E+11,28850
동서,144395,26960,유통업,16,식품,G302020,2018,1.43E+12,1.42E+11,1.29E+12,5.64E+11,17850
동서,144395,26960,유통업,16,식품,G302020,2019,1.48E+12,1.26E+11,1.35E+12,5.02E+11,17300
동서,144395,26960,유통업,16,식품,G302020,2020,1.53E+12,1.29E+11,1.40E+12,4.93E+11,34000
GS건설,120030,6360,건설업,18,건설,G201030,2015,1.30E+13,9.66E+12,3.35E+12,1.06E+13,19750
GS건설,120030,6360,건설업,18,건설,G201030,2016,1.34E+13,1.00E+13,3.35E+12,1.10E+13,26500
GS건설,120030,6360,건설업,18,건설,G201030,2017,1.37E+13,1.05E+13,3.24E+12,1.17E+13,28300
GS건설,120030,6360,건설업,18,건설,G201030,2018,1.20E+13,8.41E+12,3.62E+12,1.31E+13,44000
GS건설,120030,6360,건설업,18,건설,G201030,2019,1.32E+13,9.03E+12,4.14E+12,1.04E+13,30900
GS건설,120030,6360,건설업,18,건설,G201030,2020,1.38E+13,9.46E+12,4.31E+12,1.01E+13,38300
현대오토에버,362441,307950,서비스업,26,IT서비스,G451020,2019,1.03E+12,5.12E+11,5.15E+11,1.57E+12,50900
현대오토에버,362441,307950,서비스업,26,IT서비스,G451020,2020,1.08E+12,5.15E+11,5.62E+11,1.56E+12,125000
한미약품,828497,128940,의약품,9,제약,G352020,2015,1.72E+12,9.78E+11,7.45E+11,1.32E+12,633469
한미약품,828497,128940,의약품,9,제약,G352020,2016,1.60E+12,8.62E+11,7.35E+11,8.83E+11,259028
한미약품,828497,128940,의약품,9,제약,G352020,2017,1.66E+12,8.69E+11,7.92E+11,9.17E+11,555340
한미약품,828497,128940,의약품,9,제약,G352020,2018,1.69E+12,9.02E+11,7.89E+11,1.02E+12,445941
한미약품,828497,128940,의약품,9,제약,G352020,2019,1.91E+12,1.09E+12,8.22E+11,1.11E+12,290618
한미약품,828497,128940,의약품,9,제약,G352020,2020,1.88E+12,1.05E+12,8.32E+11,1.08E+12,350000
롯데지주,120562,4990,금융업,21,식품,G302020,2016,3.99E+12,1.43E+12,2.56E+12,2.25E+12,67855
롯데지주,120562,4990,금융업,21,식품,G302020,2019,1.56E+13,7.81E+12,7.79E+12,8.86E+12,38650
롯데지주,120562,4990,금융업,21,식품,G302020,2020,1.67E+13,8.85E+12,7.83E+12,9.09E+12,35250
솔루스첨단소재,1412822,336370,"전기,전자",13,전자장비와 기기,G452030,2019,4.94E+11,3.54E+11,1.41E+11,69994767555,20200
솔루스첨단소재,1412822,336370,"전기,전자",13,전자장비와 기기,G452030,2020,8.41E+11,3.51E+11,4.90E+11,2.90E+11,50000
DB하이텍,160843,990,"전기,전자",13,반도체와 반도체 장비,G453010,2015,9.85E+11,7.31E+11,2.54E+11,6.67E+11,14400
DB하이텍,160843,990,"전기,전자",13,반도체와 반도체 장비,G453010,2016,9.87E+11,6.45E+11,3.42E+11,7.73E+11,16100
DB하이텍,160843,990,"전기,전자",13,반도체와 반도체 장비,G453010,2017,9.94E+11,5.38E+11,4.56E+11,6.80E+11,12200
DB하이텍,160843,990,"전기,전자",13,반도체와 반도체 장비,G453010,2018,1.07E+12,5.08E+11,5.58E+11,6.69E+11,10850
DB하이텍,160843,990,"전기,전자",13,반도체와 반도체 장비,G453010,2019,1.09E+12,4.44E+11,6.45E+11,8.07E+11,27950
DB하이텍,160843,990,"전기,전자",13,반도체와 반도체 장비,G453010,2020,1.18E+12,3.84E+11,7.95E+11,9.36E+11,52200
GS리테일,140177,7070,유통업,16,백화점과 일반상점,G255030,2015,4.74E+12,2.58E+12,2.16E+12,6.27E+12,54200
GS리테일,140177,7070,유통업,16,백화점과 일반상점,G255030,2016,4.72E+12,2.36E+12,2.36E+12,7.40E+12,47600
GS리테일,140177,7070,유통업,16,백화점과 일반상점,G255030,2017,5.09E+12,2.70E+12,2.39E+12,8.27E+12,40150
GS리테일,140177,7070,유통업,16,백화점과 일반상점,G255030,2018,5.10E+12,2.64E+12,2.46E+12,8.69E+12,39900
GS리테일,140177,7070,유통업,16,백화점과 일반상점,G255030,2019,7.05E+12,4.50E+12,2.55E+12,9.01E+12,39500
GS리테일,140177,7070,유통업,16,백화점과 일반상점,G255030,2020,7.18E+12,4.51E+12,2.67E+12,8.86E+12,34500
CJ대한통운,113410,120,운수창고,19,항공화물운송과 물류,G203010,2015,4.50E+12,2.13E+12,2.37E+12,5.06E+12,189000
CJ대한통운,113410,120,운수창고,19,항공화물운송과 물류,G203010,2016,5.52E+12,2.78E+12,2.74E+12,6.08E+12,177500
CJ대한통운,113410,120,운수창고,19,항공화물운송과 물류,G203010,2017,6.31E+12,3.53E+12,2.78E+12,7.11E+12,140500
CJ대한통운,113410,120,운수창고,19,항공화물운송과 물류,G203010,2018,7.87E+12,4.74E+12,3.13E+12,9.22E+12,166000
CJ대한통운,113410,120,운수창고,19,항공화물운송과 물류,G203010,2019,9.11E+12,5.45E+12,3.66E+12,1.04E+13,155000
CJ대한통운,113410,120,운수창고,19,항공화물운송과 물류,G203010,2020,9.64E+12,5.60E+12,4.04E+12,1.08E+13,167500
에스원,158501,12750,서비스업,26,상업서비스와 공급품,G202010,2015,1.39E+12,4.14E+11,9.80E+11,1.80E+12,98100
에스원,158501,12750,서비스업,26,상업서비스와 공급품,G202010,2016,1.46E+12,3.60E+11,1.10E+12,1.83E+12,88400
에스원,158501,12750,서비스업,26,상업서비스와 공급품,G202010,2017,1.58E+12,3.74E+11,1.21E+12,1.94E+12,107000
에스원,158501,12750,서비스업,26,상업서비스와 공급품,G202010,2018,1.68E+12,4.21E+11,1.26E+12,2.02E+12,100500
에스원,158501,12750,서비스업,26,상업서비스와 공급품,G202010,2019,1.79E+12,4.67E+11,1.33E+12,2.15E+12,93800
에스원,158501,12750,서비스업,26,상업서비스와 공급품,G202010,2020,1.91E+12,5.23E+11,1.38E+12,2.22E+12,84000
호텔신라,165680,8770,유통업,16,"호텔, 레스토랑, 레저",G253010,2015,2.18E+12,1.43E+12,7.44E+11,3.25E+12,77800
호텔신라,165680,8770,유통업,16,"호텔, 레스토랑, 레저",G253010,2016,2.04E+12,1.38E+12,6.62E+11,3.72E+12,47550
호텔신라,165680,8770,유통업,16,"호텔, 레스토랑, 레저",G253010,2017,2.25E+12,1.58E+12,6.68E+11,4.01E+12,86900
호텔신라,165680,8770,유통업,16,"호텔, 레스토랑, 레저",G253010,2018,2.30E+12,1.54E+12,7.65E+11,4.71E+12,77700
호텔신라,165680,8770,유통업,16,"호텔, 레스토랑, 레저",G253010,2019,3.53E+12,2.61E+12,9.20E+11,5.72E+12,92100
호텔신라,165680,8770,유통업,16,"호텔, 레스토랑, 레저",G253010,2020,2.89E+12,2.27E+12,6.24E+11,3.19E+12,82900
팬오션,122737,28670,운수창고,19,해운사,G203030,2015,4.31E+12,1.88E+12,2.43E+12,1.82E+12,3720
팬오션,122737,28670,운수창고,19,해운사,G203030,2016,4.33E+12,1.76E+12,2.57E+12,1.87E+12,3985
팬오션,122737,28670,운수창고,19,해운사,G203030,2017,3.89E+12,1.48E+12,2.41E+12,2.34E+12,5260
팬오션,122737,28670,운수창고,19,해운사,G203030,2018,4.12E+12,1.46E+12,2.66E+12,2.67E+12,4445
팬오션,122737,28670,운수창고,19,해운사,G203030,2019,4.45E+12,1.55E+12,2.90E+12,2.47E+12,4530
팬오션,122737,28670,운수창고,19,해운사,G203030,2020,4.66E+12,1.85E+12,2.81E+12,2.50E+12,5150
현대미포조선,164609,10620,운수장비,15,조선,G201065,2015,9.44E+12,7.64E+12,1.80E+12,4.65E+12,26169
현대미포조선,164609,10620,운수장비,15,조선,G201065,2016,9.23E+12,6.97E+12,2.26E+12,4.22E+12,33890
현대미포조선,164609,10620,운수장비,15,조선,G201065,2017,8.32E+12,5.98E+12,2.34E+12,2.45E+12,39956
현대미포조선,164609,10620,운수장비,15,조선,G201065,2018,3.46E+12,1.15E+12,2.32E+12,2.40E+12,59500
현대미포조선,164609,10620,운수장비,15,조선,G201065,2019,3.38E+12,1.03E+12,2.35E+12,2.99E+12,46350
현대미포조선,164609,10620,운수장비,15,조선,G201065,2020,3.60E+12,1.23E+12,2.37E+12,2.79E+12,48050
효성첨단소재,1316254,298050,화학,8,화학,G151010,2018,2.53E+12,2.07E+12,4.66E+11,1.77E+12,102500
효성첨단소재,1316254,298050,화학,8,화학,G151010,2019,2.53E+12,2.13E+12,4.05E+11,3.05E+12,111500
효성첨단소재,1316254,298050,화학,8,화학,G151010,2020,2.38E+12,2.00E+12,3.81E+11,2.39E+12,149500
한화시스템,339391,272210,"전기,전자",13,우주항공과 국방,G201010,2019,2.41E+12,1.44E+12,9.68E+11,1.55E+12,9343
한화시스템,339391,272210,"전기,전자",13,우주항공과 국방,G201010,2020,2.70E+12,1.66E+12,1.03E+12,1.64E+12,15244
한국항공우주,309503,47810,운수장비,15,우주항공과 국방,G201010,2015,2.81E+12,1.59E+12,1.21E+12,3.04E+12,78100
한국항공우주,309503,47810,운수장비,15,우주항공과 국방,G201010,2016,2.98E+12,1.54E+12,1.45E+12,2.95E+12,67600
한국항공우주,309503,47810,운수장비,15,우주항공과 국방,G201010,2017,3.17E+12,2.03E+12,1.14E+12,2.07E+12,46500
한국항공우주,309503,47810,운수장비,15,우주항공과 국방,G201010,2018,3.76E+12,2.70E+12,1.05E+12,2.79E+12,31950
한국항공우주,309503,47810,운수장비,15,우주항공과 국방,G201010,2019,4.37E+12,3.18E+12,1.18E+12,3.11E+12,34100
한국항공우주,309503,47810,운수장비,15,우주항공과 국방,G201010,2020,5.16E+12,3.92E+12,1.23E+12,2.83E+12,26100
OCI,148896,10060,화학,8,화학,G151010,2015,7.30E+12,4.06E+12,3.24E+12,2.30E+12,74100
OCI,148896,10060,화학,8,화학,G151010,2016,6.25E+12,2.98E+12,3.26E+12,2.74E+12,78900
OCI,148896,10060,화학,8,화학,G151010,2017,6.08E+12,2.66E+12,3.42E+12,3.63E+12,138000
OCI,148896,10060,화학,8,화학,G151010,2018,5.66E+12,2.17E+12,3.49E+12,3.11E+12,107500
OCI,148896,10060,화학,8,화학,G151010,2019,4.81E+12,2.13E+12,2.69E+12,2.61E+12,62700
OCI,148896,10060,화학,8,화학,G151010,2020,4.44E+12,2.05E+12,2.39E+12,2.00E+12,95100
만도,1042775,204320,운수장비,15,자동차부품,G251010,2015,4.16E+12,2.79E+12,1.37E+12,5.30E+12,33100
만도,1042775,204320,운수장비,15,자동차부품,G251010,2016,4.46E+12,2.95E+12,1.52E+12,5.87E+12,47100
만도,1042775,204320,운수장비,15,자동차부품,G251010,2017,4.45E+12,3.04E+12,1.41E+12,5.68E+12,62600
만도,1042775,204320,운수장비,15,자동차부품,G251010,2018,4.44E+12,2.96E+12,1.48E+12,5.66E+12,29050
만도,1042775,204320,운수장비,15,자동차부품,G251010,2019,4.60E+12,3.01E+12,1.59E+12,5.98E+12,35450
만도,1042775,204320,운수장비,15,자동차부품,G251010,2020,4.94E+12,3.23E+12,1.71E+12,5.56E+12,59100
녹십자,129679,6280,의약품,9,제약,G352020,2015,1.42E+12,4.17E+11,9.98E+11,1.05E+12,185500
녹십자,129679,6280,의약품,9,제약,G352020,2016,1.55E+12,4.92E+11,1.06E+12,1.20E+12,157500
녹십자,129679,6280,의약품,9,제약,G352020,2017,1.70E+12,5.95E+11,1.11E+12,1.29E+12,224000
녹십자,129679,6280,의약품,9,제약,G352020,2018,1.72E+12,5.97E+11,1.13E+12,1.33E+12,136000
녹십자,129679,6280,의약품,9,제약,G352020,2019,1.96E+12,7.75E+11,1.18E+12,1.37E+12,132000
녹십자,129679,6280,의약품,9,제약,G352020,2020,2.15E+12,8.82E+11,1.27E+12,1.50E+12,421000
BGF리테일,1263022,282330,유통업,16,백화점과 일반상점,G255030,2017,1.28E+12,8.89E+11,3.89E+11,9.39E+11,212500
BGF리테일,1263022,282330,유통업,16,백화점과 일반상점,G255030,2018,1.48E+12,9.61E+11,5.22E+11,5.78E+12,201000
BGF리테일,1263022,282330,유통업,16,백화점과 일반상점,G255030,2019,2.17E+12,1.55E+12,6.23E+11,5.95E+12,169000
BGF리테일,1263022,282330,유통업,16,백화점과 일반상점,G255030,2020,2.37E+12,1.67E+12,6.97E+11,6.18E+12,134000
제일기획,148276,30000,서비스업,26,광고,G502010,2015,1.87E+12,1.07E+12,8.00E+11,2.81E+12,20450
제일기획,148276,30000,서비스업,26,광고,G502010,2016,2.15E+12,1.38E+12,7.76E+11,3.23E+12,15850
제일기획,148276,30000,서비스업,26,광고,G502010,2017,2.24E+12,1.38E+12,8.56E+11,3.37E+12,21150
제일기획,148276,30000,서비스업,26,광고,G502010,2018,2.17E+12,1.28E+12,8.93E+11,3.48E+12,22500
제일기획,148276,30000,서비스업,26,광고,G502010,2019,2.25E+12,1.30E+12,9.57E+11,3.42E+12,23850
제일기획,148276,30000,서비스업,26,광고,G502010,2020,2.24E+12,1.23E+12,1.02E+12,2.75E+12,20450
대우조선해양,111704,42660,운수장비,15,조선,G201065,2015,1.89E+13,1.83E+13,6.19E+11,1.54E+13,25300
대우조선해양,111704,42660,운수장비,15,조선,G201065,2016,1.51E+13,1.44E+13,6.59E+11,1.28E+13,0
대우조선해양,111704,42660,운수장비,15,조선,G201065,2017,1.14E+13,8.46E+12,2.99E+12,1.11E+13,14000
대우조선해양,111704,42660,운수장비,15,조선,G201065,2018,1.19E+13,8.08E+12,3.84E+12,9.64E+12,34250
대우조선해양,111704,42660,운수장비,15,조선,G201065,2019,1.13E+13,7.52E+12,3.75E+12,8.36E+12,27850
대우조선해양,111704,42660,운수장비,15,조선,G201065,2020,1.03E+13,6.45E+12,3.87E+12,7.03E+12,27300
SK케미칼,1267170,285130,화학,8,화학,G151010,2017,1.91E+12,1.18E+12,7.31E+11,87836375138,0
SK케미칼,1267170,285130,화학,8,화학,G151010,2018,1.95E+12,1.23E+12,7.26E+11,1.37E+12,46637
SK케미칼,1267170,285130,화학,8,화학,G151010,2019,2.13E+12,1.41E+12,7.19E+11,1.43E+12,42834
SK케미칼,1267170,285130,화학,8,화학,G151010,2020,2.12E+12,1.16E+12,9.59E+11,1.21E+12,267547
케이씨씨,105271,2380,화학,8,건축자재,G201025,2015,8.67E+12,2.80E+12,5.87E+12,3.41E+12,359957
케이씨씨,105271,2380,화학,8,건축자재,G201025,2016,9.16E+12,3.20E+12,5.97E+12,3.49E+12,314743
케이씨씨,105271,2380,화학,8,건축자재,G201025,2017,9.54E+12,3.68E+12,5.87E+12,3.86E+12,334496
케이씨씨,105271,2380,화학,8,건축자재,G201025,2018,8.97E+12,3.22E+12,5.74E+12,3.78E+12,269528
케이씨씨,105271,2380,화학,8,건축자재,G201025,2019,9.38E+12,4.93E+12,4.45E+12,2.72E+12,0
케이씨씨,105271,2380,화학,8,건축자재,G201025,2020,1.23E+13,7.10E+12,5.25E+12,5.08E+12,197500
씨에스윈드,670340,112610,기계,12,기계,G201060,2015,3.92E+11,66308111243,3.26E+11,2.97E+11,11743
씨에스윈드,670340,112610,기계,12,기계,G201060,2016,3.86E+11,87057692261,2.99E+11,3.11E+11,8398
씨에스윈드,670340,112610,기계,12,기계,G201060,2017,3.88E+11,86058342103,3.02E+11,3.12E+11,12478
씨에스윈드,670340,112610,기계,12,기계,G201060,2018,6.06E+11,2.88E+11,3.19E+11,5.02E+11,13000
씨에스윈드,670340,112610,기계,12,기계,G201060,2019,7.36E+11,3.66E+11,3.70E+11,7.99E+11,17935
씨에스윈드,670340,112610,기계,12,기계,G201060,2020,8.81E+11,4.37E+11,4.44E+11,9.69E+11,87551
롯데쇼핑,120526,23530,유통업,16,백화점과 일반상점,G255030,2015,4.07E+13,2.36E+13,1.71E+13,2.91E+13,210872
롯데쇼핑,120526,23530,유통업,16,백화점과 일반상점,G255030,2016,4.19E+13,2.47E+13,1.73E+13,2.95E+13,201703
롯데쇼핑,120526,23530,유통업,16,백화점과 일반상점,G255030,2017,2.79E+13,1.46E+13,1.34E+13,1.82E+13,199000
롯데쇼핑,120526,23530,유통업,16,백화점과 일반상점,G255030,2018,2.63E+13,1.38E+13,1.24E+13,1.78E+13,211500
롯데쇼핑,120526,23530,유통업,16,백화점과 일반상점,G255030,2019,3.40E+13,2.22E+13,1.18E+13,1.76E+13,135500
롯데쇼핑,120526,23530,유통업,16,백화점과 일반상점,G255030,2020,3.28E+13,2.17E+13,1.11E+13,1.62E+13,103500
CJ,148540,1040,금융업,21,복합기업,G201050,2015,2.36E+13,1.37E+13,9.86E+12,2.12E+13,233384
CJ,148540,1040,금융업,21,복합기업,G201050,2016,2.70E+13,1.58E+13,1.13E+13,2.40E+13,177749
CJ,148540,1040,금융업,21,복합기업,G201050,2017,2.93E+13,1.73E+13,1.20E+13,2.69E+13,171148
CJ,148540,1040,금융업,21,복합기업,G201050,2018,3.17E+13,1.92E+13,1.25E+13,2.95E+13,121000
CJ,148540,1040,금융업,21,복합기업,G201050,2019,4.04E+13,2.58E+13,1.46E+13,3.38E+13,96600
CJ,148540,1040,금융업,21,복합기업,G201050,2020,4.00E+13,2.46E+13,1.54E+13,3.20E+13,92600
포스코인터내셔널,124504,47050,유통업,16,무역회사와 판매업체,G201070,2015,8.04E+12,5.62E+12,2.42E+12,1.75E+13,16350
포스코인터내셔널,124504,47050,유통업,16,무역회사와 판매업체,G201070,2016,8.29E+12,5.79E+12,2.50E+12,1.65E+13,27200
포스코인터내셔널,124504,47050,유통업,16,무역회사와 판매업체,G201070,2017,9.17E+12,6.32E+12,2.85E+12,2.26E+13,18200
포스코인터내셔널,124504,47050,유통업,16,무역회사와 판매업체,G201070,2018,9.88E+12,6.99E+12,2.89E+12,2.52E+13,18100
포스코인터내셔널,124504,47050,유통업,16,무역회사와 판매업체,G201070,2019,8.96E+12,5.91E+12,3.05E+12,2.44E+13,18700
포스코인터내셔널,124504,47050,유통업,16,무역회사와 판매업체,G201070,2020,8.33E+12,5.17E+12,3.16E+12,2.15E+13,14600
더존비즈온,172291,12510,서비스업,26,소프트웨어,G451030,2015,2.14E+11,80758384362,1.33E+11,1.58E+11,20500
더존비즈온,172291,12510,서비스업,26,소프트웨어,G451030,2016,2.36E+11,83200315813,1.53E+11,1.77E+11,21500
더존비즈온,172291,12510,서비스업,26,소프트웨어,G451030,2017,2.73E+11,87902541719,1.86E+11,2.06E+11,33200
더존비즈온,172291,12510,서비스업,26,소프트웨어,G451030,2018,2.79E+11,96540958346,1.82E+11,2.27E+11,51900
더존비즈온,172291,12510,서비스업,26,소프트웨어,G451030,2019,7.27E+11,3.64E+11,3.63E+11,2.63E+11,81100
더존비즈온,172291,12510,서비스업,26,소프트웨어,G451030,2020,7.99E+11,4.01E+11,3.98E+11,3.06E+11,105000
한화,160588,880,화학,8,생명보험,G404020,2015,1.46E+14,1.32E+14,1.36E+13,4.14E+13,37987
한화,160588,880,화학,8,생명보험,G404020,2016,1.55E+14,1.41E+14,1.42E+13,4.71E+13,35400
한화,160588,880,화학,8,생명보험,G404020,2017,1.60E+14,1.44E+14,1.60E+13,5.04E+13,41900
한화,160588,880,화학,8,생명보험,G404020,2018,1.70E+14,1.53E+14,1.70E+13,4.87E+13,31450
한화,160588,880,화학,8,생명보험,G404020,2019,1.82E+14,1.64E+14,1.83E+13,5.04E+13,24950
한화,160588,880,화학,8,생명보험,G404020,2020,1.91E+14,1.73E+14,1.85E+13,5.09E+13,28700
대우건설,124540,47040,건설업,18,건설,G201030,2015,1.02E+13,7.32E+12,2.83E+12,9.94E+12,5540
대우건설,124540,47040,건설업,18,건설,G201030,2016,9.97E+12,7.90E+12,2.07E+12,1.11E+13,5120
대우건설,124540,47040,건설업,18,건설,G201030,2017,8.78E+12,6.50E+12,2.28E+12,1.18E+13,5840
대우건설,124540,47040,건설업,18,건설,G201030,2018,8.73E+12,6.42E+12,2.32E+12,1.06E+13,5440
대우건설,124540,47040,건설업,18,건설,G201030,2019,9.70E+12,7.21E+12,2.49E+12,8.65E+12,4730
대우건설,124540,47040,건설업,18,건설,G201030,2020,9.31E+12,6.63E+12,2.68E+12,8.14E+12,5250
후성,595191,93370,화학,8,화학,G151010,2015,2.61E+11,1.63E+11,97994236017,2.15E+11,5380
후성,595191,93370,화학,8,화학,G151010,2016,3.15E+11,1.52E+11,1.63E+11,1.92E+11,7300
후성,595191,93370,화학,8,화학,G151010,2017,3.16E+11,1.07E+11,2.09E+11,2.49E+11,10200
후성,595191,93370,화학,8,화학,G151010,2018,4.41E+11,1.96E+11,2.46E+11,2.75E+11,7500
후성,595191,93370,화학,8,화학,G151010,2019,5.29E+11,2.86E+11,2.43E+11,2.49E+11,8170
후성,595191,93370,화학,8,화학,G151010,2020,5.36E+11,2.95E+11,2.41E+11,2.62E+11,12050
효성티앤씨,1316227,298020,화학,8,"섬유, 의류, 신발, 호화품",G252060,2018,3.14E+12,2.65E+12,4.87E+11,3.36E+12,184000
효성티앤씨,1316227,298020,화학,8,"섬유, 의류, 신발, 호화품",G252060,2019,3.22E+12,2.64E+12,5.83E+11,5.98E+12,153500
효성티앤씨,1316227,298020,화학,8,"섬유, 의류, 신발, 호화품",G252060,2020,2.82E+12,2.11E+12,7.15E+11,5.16E+12,211000
신세계,136378,4170,유통업,16,백화점과 일반상점,G255030,2015,7.92E+12,3.86E+12,4.06E+12,2.56E+12,228000
신세계,136378,4170,유통업,16,백화점과 일반상점,G255030,2016,9.95E+12,5.26E+12,4.69E+12,2.95E+12,175500
신세계,136378,4170,유통업,16,백화점과 일반상점,G255030,2017,1.02E+13,5.23E+12,4.92E+12,3.87E+12,299000
신세계,136378,4170,유통업,16,백화점과 일반상점,G255030,2018,1.11E+13,6.10E+12,5.00E+12,5.19E+12,257500
신세계,136378,4170,유통업,16,백화점과 일반상점,G255030,2019,1.30E+13,7.50E+12,5.52E+12,6.39E+12,289500
신세계,136378,4170,유통업,16,백화점과 일반상점,G255030,2020,1.28E+13,7.71E+12,5.06E+12,4.77E+12,241500
휠라홀딩스,195229,81660,유통업,16,"섬유, 의류, 신발, 호화품",G252060,2015,9.79E+11,5.00E+11,4.79E+11,8.16E+11,18960
휠라홀딩스,195229,81660,유통업,16,"섬유, 의류, 신발, 호화품",G252060,2016,3.38E+12,2.08E+12,1.30E+12,9.67E+11,14120
휠라홀딩스,195229,81660,유통업,16,"섬유, 의류, 신발, 호화품",G252060,2017,3.08E+12,1.84E+12,1.23E+12,2.53E+12,16440
휠라홀딩스,195229,81660,유통업,16,"섬유, 의류, 신발, 호화품",G252060,2018,3.30E+12,1.80E+12,1.51E+12,2.95E+12,53300
휠라홀딩스,195229,81660,유통업,16,"섬유, 의류, 신발, 호화품",G252060,2019,3.77E+12,1.97E+12,1.80E+12,3.45E+12,53000
휠라홀딩스,195229,81660,유통업,16,"섬유, 의류, 신발, 호화품",G252060,2020,3.76E+12,1.90E+12,1.86E+12,3.13E+12,43350
현대로템,302926,64350,운수장비,15,기계,G201060,2015,5.04E+12,3.61E+12,1.44E+12,3.31E+12,14650
현대로템,302926,64350,운수장비,15,기계,G201060,2016,4.47E+12,3.01E+12,1.47E+12,2.98E+12,18300
현대로템,302926,64350,운수장비,15,기계,G201060,2017,4.08E+12,2.67E+12,1.42E+12,2.73E+12,18750
현대로템,302926,64350,운수장비,15,기계,G201060,2018,4.00E+12,2.89E+12,1.11E+12,2.41E+12,28350
현대로템,302926,64350,운수장비,15,기계,G201060,2019,4.08E+12,3.20E+12,8.83E+11,2.46E+12,15600
현대로템,302926,64350,운수장비,15,기계,G201060,2020,4.20E+12,2.85E+12,1.35E+12,2.79E+12,17550
한화에어로스페이스,126566,12450,운수장비,15,우주항공과 국방,G201010,2015,4.11E+12,1.86E+12,2.25E+12,2.61E+12,35550
한화에어로스페이스,126566,12450,운수장비,15,우주항공과 국방,G201010,2016,5.65E+12,3.31E+12,2.34E+12,3.52E+12,43850
한화에어로스페이스,126566,12450,운수장비,15,우주항공과 국방,G201010,2017,5.75E+12,3.57E+12,2.18E+12,4.22E+12,36000
한화에어로스페이스,126566,12450,운수장비,15,우주항공과 국방,G201010,2018,7.40E+12,4.76E+12,2.64E+12,4.45E+12,32400
한화에어로스페이스,126566,12450,운수장비,15,우주항공과 국방,G201010,2019,8.71E+12,5.85E+12,2.86E+12,5.26E+12,35300
한화에어로스페이스,126566,12450,운수장비,15,우주항공과 국방,G201010,2020,9.46E+12,6.48E+12,2.99E+12,5.32E+12,28900
하이트진로,150244,80,음식료품,5,음료,G302010,2015,3.46E+12,2.14E+12,1.32E+12,1.91E+12,23300
하이트진로,150244,80,음식료품,5,음료,G302010,2016,3.40E+12,2.11E+12,1.29E+12,1.89E+12,21100
하이트진로,150244,80,음식료품,5,음료,G302010,2017,3.51E+12,2.29E+12,1.22E+12,1.89E+12,24150
하이트진로,150244,80,음식료품,5,음료,G302010,2018,3.43E+12,2.27E+12,1.16E+12,1.89E+12,16550
하이트진로,150244,80,음식료품,5,음료,G302010,2019,3.27E+12,2.24E+12,1.03E+12,2.04E+12,29200
하이트진로,150244,80,음식료품,5,음료,G302010,2020,3.30E+12,2.22E+12,1.07E+12,2.26E+12,31950
한샘,161693,9240,유통업,16,가구,G201035,2016,8.99E+11,3.58E+11,5.42E+11,1.93E+12,199000
한샘,161693,9240,유통업,16,가구,G201035,2017,9.76E+11,4.68E+11,5.08E+11,2.06E+12,180500
한샘,161693,9240,유통업,16,가구,G201035,2018,9.40E+11,3.66E+11,5.74E+11,1.93E+12,68000
한샘,161693,9240,유통업,16,가구,G201035,2019,1.20E+12,5.89E+11,6.13E+11,1.70E+12,62500
한샘,161693,9240,유통업,16,가구,G201035,2020,1.23E+12,6.01E+11,6.29E+11,2.07E+12,104000
롯데정밀화학,157681,4000,화학,8,화학,G151010,2015,1.68E+12,5.21E+11,1.16E+12,1.16E+12,35400
롯데정밀화학,157681,4000,화학,8,화학,G151010,2016,1.53E+12,4.19E+11,1.11E+12,1.11E+12,30200
롯데정밀화학,157681,4000,화학,8,화학,G151010,2017,1.64E+12,4.49E+11,1.19E+12,1.16E+12,64500
롯데정밀화학,157681,4000,화학,8,화학,G151010,2018,1.70E+12,3.22E+11,1.38E+12,1.37E+12,40850
롯데정밀화학,157681,4000,화학,8,화학,G151010,2019,1.79E+12,3.00E+11,1.49E+12,1.31E+12,45100
롯데정밀화학,157681,4000,화학,8,화학,G151010,2020,1.87E+12,2.25E+11,1.65E+12,1.26E+12,55900
현대위아,106623,11210,운수장비,15,자동차부품,G251010,2015,6.68E+12,3.52E+12,3.16E+12,7.88E+12,112000
현대위아,106623,11210,운수장비,15,자동차부품,G251010,2016,7.02E+12,3.76E+12,3.26E+12,7.59E+12,73100
현대위아,106623,11210,운수장비,15,자동차부품,G251010,2017,7.19E+12,4.05E+12,3.14E+12,7.49E+12,64100
현대위아,106623,11210,운수장비,15,자동차부품,G251010,2018,7.11E+12,4.07E+12,3.04E+12,7.88E+12,36100
현대위아,106623,11210,운수장비,15,자동차부품,G251010,2019,6.77E+12,3.68E+12,3.09E+12,7.31E+12,50200
현대위아,106623,11210,운수장비,15,자동차부품,G251010,2020,7.72E+12,4.19E+12,3.53E+12,6.59E+12,55100
코오롱인더,795135,120110,화학,8,화학,G151010,2015,4.99E+12,3.02E+12,1.96E+12,4.86E+12,62200
코오롱인더,795135,120110,화학,8,화학,G151010,2016,5.25E+12,3.12E+12,2.13E+12,4.56E+12,74400
코오롱인더,795135,120110,화학,8,화학,G151010,2017,5.66E+12,3.34E+12,2.32E+12,4.61E+12,89200
코오롱인더,795135,120110,화학,8,화학,G151010,2018,5.57E+12,3.36E+12,2.21E+12,4.75E+12,57500
코오롱인더,795135,120110,화학,8,화학,G151010,2019,5.29E+12,3.17E+12,2.13E+12,4.41E+12,49850
코오롱인더,795135,120110,화학,8,화학,G151010,2020,5.04E+12,2.75E+12,2.29E+12,4.04E+12,41300
효성,117188,4800,금융업,21,복합기업,G201050,2015,1.40E+13,1.05E+13,3.47E+12,1.25E+13,69831
효성,117188,4800,금융업,21,복합기업,G201050,2016,1.41E+13,1.03E+13,3.84E+12,1.19E+13,85809
효성,117188,4800,금융업,21,복합기업,G201050,2017,1.45E+13,1.07E+13,3.86E+12,1.25E+13,81963
효성,117188,4800,금융업,21,복합기업,G201050,2018,6.41E+12,3.71E+12,2.70E+12,2.99E+12,50100
효성,117188,4800,금융업,21,복합기업,G201050,2019,6.53E+12,3.82E+12,2.71E+12,3.37E+12,79100
효성,117188,4800,금융업,21,복합기업,G201050,2020,4.43E+12,1.92E+12,2.51E+12,2.78E+12,76400
대웅,111810,3090,금융업,21,제약,G352020,2015,1.24E+12,4.14E+11,8.28E+11,9.97E+11,11315
대웅,111810,3090,금융업,21,제약,G352020,2016,1.47E+12,6.03E+11,8.65E+11,1.01E+12,8837
두산,117212,150,서비스업,26,복합기업,G201050,2015,3.16E+13,2.32E+13,8.39E+12,1.90E+13,69005
두산,117212,150,서비스업,26,복합기업,G201050,2016,2.87E+13,2.08E+13,7.90E+12,1.64E+13,83106
두산,117212,150,서비스업,26,복합기업,G201050,2017,2.88E+13,2.12E+13,7.60E+12,1.76E+13,90195
두산,117212,150,서비스업,26,복합기업,G201050,2018,2.89E+13,2.17E+13,7.15E+12,1.82E+13,87832
두산,117212,150,서비스업,26,복합기업,G201050,2019,2.92E+13,2.24E+13,6.82E+12,1.85E+13,70000
두산,117212,150,서비스업,26,복합기업,G201050,2020,3.01E+13,2.24E+13,7.71E+12,1.70E+13,52500
엔에이치엔,983271,181710,서비스업,26,게임엔터테인먼트,G502040,2015,1.83E+12,3.31E+11,1.50E+12,6.45E+11,57100
엔에이치엔,983271,181710,서비스업,26,게임엔터테인먼트,G502040,2016,1.84E+12,3.28E+11,1.51E+12,8.56E+11,50100
엔에이치엔,983271,181710,서비스업,26,게임엔터테인먼트,G502040,2017,2.12E+12,4.60E+11,1.66E+12,9.09E+11,68400
엔에이치엔,983271,181710,서비스업,26,게임엔터테인먼트,G502040,2018,2.49E+12,6.75E+11,1.82E+12,1.26E+12,57300
엔에이치엔,983271,181710,서비스업,26,게임엔터테인먼트,G502040,2019,2.50E+12,6.72E+11,1.83E+12,1.49E+12,66600
엔에이치엔,983271,181710,서비스업,26,게임엔터테인먼트,G502040,2020,2.55E+12,7.07E+11,1.84E+12,1.68E+12,75100
신풍제약,137359,19170,의약품,9,제약,G352020,2015,4.11E+11,2.16E+11,1.95E+11,1.96E+11,4360
신풍제약,137359,19170,의약품,9,제약,G352020,2016,4.16E+11,2.00E+11,2.17E+11,1.94E+11,5870
신풍제약,137359,19170,의약품,9,제약,G352020,2017,3.86E+11,1.76E+11,2.10E+11,1.85E+11,7730
신풍제약,137359,19170,의약품,9,제약,G352020,2018,3.81E+11,1.73E+11,2.07E+11,1.87E+11,6510
신풍제약,137359,19170,의약품,9,제약,G352020,2019,3.80E+11,1.71E+11,2.09E+11,1.90E+11,7330
신풍제약,137359,19170,의약품,9,제약,G352020,2020,4.87E+11,1.13E+11,3.74E+11,1.98E+11,126000
한전KPS,159218,51600,건설업,18,전기 유틸리티,G551010,2015,1.03E+12,2.47E+11,7.86E+11,1.18E+12,88100
한전KPS,159218,51600,건설업,18,전기 유틸리티,G551010,2016,1.09E+12,3.03E+11,7.90E+11,1.22E+12,54200
한전KPS,159218,51600,건설업,18,전기 유틸리티,G551010,2017,1.20E+12,2.95E+11,9.05E+11,1.24E+12,40100
한전KPS,159218,51600,건설업,18,전기 유틸리티,G551010,2018,1.28E+12,2.97E+11,9.84E+11,1.24E+12,32900
한전KPS,159218,51600,건설업,18,전기 유틸리티,G551010,2019,1.36E+12,2.96E+11,1.06E+12,1.25E+12,39100
한전KPS,159218,51600,건설업,18,전기 유틸리티,G551010,2020,1.35E+12,2.98E+11,1.05E+12,1.30E+12,29700
영원무역,776820,111770,유통업,16,"섬유, 의류, 신발, 호화품",G252060,2015,2.22E+12,8.59E+11,1.36E+12,1.58E+12,42050
영원무역,776820,111770,유통업,16,"섬유, 의류, 신발, 호화품",G252060,2016,2.39E+12,1.01E+12,1.38E+12,2.00E+12,30900
영원무역,776820,111770,유통업,16,"섬유, 의류, 신발, 호화품",G252060,2017,2.27E+12,9.34E+11,1.34E+12,2.01E+12,31500
영원무역,776820,111770,유통업,16,"섬유, 의류, 신발, 호화품",G252060,2018,2.64E+12,9.76E+11,1.66E+12,2.10E+12,38100
영원무역,776820,111770,유통업,16,"섬유, 의류, 신발, 호화품",G252060,2019,3.10E+12,1.14E+12,1.97E+12,2.39E+12,34000
영원무역,776820,111770,유통업,16,"섬유, 의류, 신발, 호화품",G252060,2020,3.04E+12,1.04E+12,1.99E+12,2.47E+12,31700
농심,108241,4370,음식료품,5,식품,G302020,2015,2.42E+12,7.72E+11,1.65E+12,2.18E+12,441500
농심,108241,4370,음식료품,5,식품,G302020,2016,2.48E+12,6.79E+11,1.80E+12,2.22E+12,334500
농심,108241,4370,음식료품,5,식품,G302020,2017,2.45E+12,6.09E+11,1.84E+12,2.21E+12,353000
농심,108241,4370,음식료품,5,식품,G302020,2018,2.53E+12,6.35E+11,1.90E+12,2.24E+12,253000
농심,108241,4370,음식료품,5,식품,G302020,2019,2.65E+12,7.12E+11,1.94E+12,2.34E+12,240500
농심,108241,4370,음식료품,5,식품,G302020,2020,2.73E+12,6.77E+11,2.05E+12,2.64E+12,300500
한미반도체,161383,42700,기계,12,반도체와 반도체 장비,G453010,2015,2.26E+11,31598220158,1.94E+11,1.18E+11,4960
한미반도체,161383,42700,기계,12,반도체와 반도체 장비,G453010,2016,2.85E+11,75643573774,2.09E+11,1.66E+11,6160
한미반도체,161383,42700,기계,12,반도체와 반도체 장비,G453010,2017,2.85E+11,78890956748,2.06E+11,1.97E+11,11850
한미반도체,161383,42700,기계,12,반도체와 반도체 장비,G453010,2018,2.46E+11,30471881395,2.16E+11,2.17E+11,7790
한미반도체,161383,42700,기계,12,반도체와 반도체 장비,G453010,2019,2.57E+11,37769479525,2.20E+11,1.20E+11,8110
한미반도체,161383,42700,기계,12,반도체와 반도체 장비,G453010,2020,3.27E+11,69876325235,2.57E+11,2.57E+11,18350
현대엘리베이터,164724,17800,기계,12,기계,G201060,2015,1.77E+12,1.13E+12,6.42E+11,1.45E+12,39814
현대엘리베이터,164724,17800,기계,12,기계,G201060,2016,2.11E+12,1.32E+12,7.91E+11,1.76E+12,38280
현대엘리베이터,164724,17800,기계,12,기계,G201060,2017,2.29E+12,1.45E+12,8.35E+11,1.99E+12,38680
현대엘리베이터,164724,17800,기계,12,기계,G201060,2018,2.37E+12,1.44E+12,9.31E+11,1.88E+12,74026
현대엘리베이터,164724,17800,기계,12,기계,G201060,2019,2.55E+12,1.60E+12,9.48E+11,1.87E+12,45616
현대엘리베이터,164724,17800,기계,12,기계,G201060,2020,2.63E+12,1.60E+12,1.03E+12,1.82E+12,39850
오뚜기,141529,7310,음식료품,5,식품,G302020,2015,1.48E+12,5.35E+11,9.49E+11,1.88E+12,1260000
오뚜기,141529,7310,음식료품,5,식품,G302020,2016,1.59E+12,5.58E+11,1.04E+12,2.01E+12,666000
오뚜기,141529,7310,음식료품,5,식품,G302020,2017,1.72E+12,5.70E+11,1.15E+12,2.13E+12,806000
오뚜기,141529,7310,음식료품,5,식품,G302020,2018,2.06E+12,7.88E+11,1.28E+12,2.25E+12,717000
오뚜기,141529,7310,음식료품,5,식품,G302020,2019,2.15E+12,8.06E+11,1.35E+12,2.36E+12,554000
오뚜기,141529,7310,음식료품,5,식품,G302020,2020,2.34E+12,8.97E+11,1.44E+12,2.60E+12,576000
LS,105952,6260,금융업,21,전기장비,G201040,2015,9.88E+12,6.93E+12,2.95E+12,1.00E+13,40200
LS,105952,6260,금융업,21,전기장비,G201040,2016,9.71E+12,6.46E+12,3.26E+12,9.62E+12,58700
LS,105952,6260,금융업,21,전기장비,G201040,2017,9.98E+12,6.35E+12,3.63E+12,9.52E+12,72200
LS,105952,6260,금융업,21,전기장비,G201040,2018,1.05E+13,6.13E+12,4.36E+12,1.01E+13,49400
LS,105952,6260,금융업,21,전기장비,G201040,2019,1.08E+13,6.49E+12,4.27E+12,1.02E+13,47800
LS,105952,6260,금융업,21,전기장비,G201040,2020,1.17E+13,7.21E+12,4.45E+12,1.04E+13,71600
엘에스일렉트릭,105855,10120,"전기,전자",13,전기장비,G201040,2015,2.25E+12,1.24E+12,1.01E+12,2.20E+12,46000
엘에스일렉트릭,105855,10120,"전기,전자",13,전기장비,G201040,2016,2.26E+12,1.20E+12,1.07E+12,2.21E+12,39950
엘에스일렉트릭,105855,10120,"전기,전자",13,전기장비,G201040,2017,2.26E+12,1.11E+12,1.15E+12,2.34E+12,65100
엘에스일렉트릭,105855,10120,"전기,전자",13,전기장비,G201040,2018,2.41E+12,1.11E+12,1.30E+12,2.48E+12,49150
엘에스일렉트릭,105855,10120,"전기,전자",13,전기장비,G201040,2019,2.54E+12,1.18E+12,1.36E+12,2.35E+12,54600
엘에스일렉트릭,105855,10120,"전기,전자",13,전기장비,G201040,2020,2.54E+12,1.13E+12,1.41E+12,2.40E+12,63300
현대백화점,428251,69960,유통업,16,백화점과 일반상점,G255030,2015,6.16E+12,2.13E+12,4.03E+12,1.66E+12,127000
현대백화점,428251,69960,유통업,16,백화점과 일반상점,G255030,2016,6.59E+12,2.28E+12,4.31E+12,1.83E+12,108500
현대백화점,428251,69960,유통업,16,백화점과 일반상점,G255030,2017,6.78E+12,2.16E+12,4.62E+12,1.85E+12,104500
현대백화점,428251,69960,유통업,16,백화점과 일반상점,G255030,2018,6.99E+12,2.16E+12,4.83E+12,1.86E+12,90400
대한전선,113207,1440,"전기,전자",13,전기장비,G201040,2015,1.55E+12,1.20E+12,3.54E+11,1.69E+12,2250
대한전선,113207,1440,"전기,전자",13,전기장비,G201040,2016,1.32E+12,1.02E+12,2.99E+11,1.37E+12,1840
대한전선,113207,1440,"전기,전자",13,전기장비,G201040,2017,1.34E+12,9.98E+11,3.38E+11,1.59E+12,1130
대한전선,113207,1440,"전기,전자",13,전기장비,G201040,2018,1.17E+12,8.51E+11,3.22E+11,1.65E+12,1015
대한전선,113207,1440,"전기,전자",13,전기장비,G201040,2019,1.24E+12,9.22E+11,3.13E+11,1.55E+12,620
대한전선,113207,1440,"전기,전자",13,전기장비,G201040,2020,1.20E+12,8.40E+11,3.60E+11,1.60E+12,1370
대웅제약,427483,69620,의약품,9,제약,G352020,2015,9.45E+11,3.64E+11,5.80E+11,8.40E+11,70200
대웅제약,427483,69620,의약품,9,제약,G352020,2016,1.14E+12,5.40E+11,6.05E+11,8.84E+11,68800
대웅제약,427483,69620,의약품,9,제약,G352020,2017,1.21E+12,5.82E+11,6.32E+11,9.60E+11,165000
대웅제약,427483,69620,의약품,9,제약,G352020,2018,1.21E+12,6.00E+11,6.08E+11,1.03E+12,190000
대웅제약,427483,69620,의약품,9,제약,G352020,2019,1.25E+12,6.10E+11,6.36E+11,1.11E+12,137500
대웅제약,427483,69620,의약품,9,제약,G352020,2020,1.37E+12,6.72E+11,6.95E+11,1.06E+12,177000
동원시스템즈,132637,14820,화학,8,포장재,G151030,2015,1.27E+12,9.61E+11,3.11E+11,1.22E+12,88300
동원시스템즈,132637,14820,화학,8,포장재,G151030,2016,1.31E+12,9.22E+11,3.87E+11,1.30E+12,59700
동원시스템즈,132637,14820,화학,8,포장재,G151030,2017,1.18E+12,6.90E+11,4.90E+11,1.28E+12,47000
동원시스템즈,132637,14820,화학,8,포장재,G151030,2018,1.12E+12,5.88E+11,5.37E+11,1.03E+12,27100
동원시스템즈,132637,14820,화학,8,포장재,G151030,2019,1.15E+12,5.81E+11,5.74E+11,1.04E+12,29500
동원시스템즈,132637,14820,화학,8,포장재,G151030,2020,1.26E+12,6.39E+11,6.16E+11,1.08E+12,36050
에스엘,125521,5850,운수장비,15,자동차부품,G251010,2015,1.55E+12,7.37E+11,8.12E+11,1.40E+12,13630
에스엘,125521,5850,운수장비,15,자동차부품,G251010,2016,1.63E+12,6.76E+11,9.55E+11,1.62E+12,17177
에스엘,125521,5850,운수장비,15,자동차부품,G251010,2017,1.60E+12,5.77E+11,1.02E+12,1.49E+12,19568
에스엘,125521,5850,운수장비,15,자동차부품,G251010,2018,1.71E+12,6.86E+11,1.02E+12,1.60E+12,15862
에스엘,125521,5850,운수장비,15,자동차부품,G251010,2019,2.27E+12,8.95E+11,1.38E+12,2.26E+12,14507
에스엘,125521,5850,운수장비,15,자동차부품,G251010,2020,2.34E+12,9.14E+11,1.43E+12,2.51E+12,16300
한국앤컴퍼니,160047,240,금융업,21,자동차부품,G251010,2017,3.25E+12,2.56E+11,3.00E+12,8.25E+11,19000
한국앤컴퍼니,160047,240,금융업,21,자동차부품,G251010,2018,3.50E+12,2.63E+11,3.24E+12,8.48E+11,16600
한국앤컴퍼니,160047,240,금융업,21,자동차부품,G251010,2019,3.61E+12,2.29E+11,3.38E+12,8.48E+11,14400
한국앤컴퍼니,160047,240,금융업,21,자동차부품,G251010,2020,3.79E+12,2.92E+11,3.50E+12,8.21E+11,14300
명신산업,173078,9900,운수장비,15,자동차부품,G251010,2020,4.77E+11,2.93E+11,1.84E+11,8.09E+11,47150
HDC현대산업개발,1310269,294870,건설업,18,건설,G201030,2018,4.86E+12,3.02E+12,1.84E+12,2.79E+12,44319
HDC현대산업개발,1310269,294870,건설업,18,건설,G201030,2019,4.41E+12,2.18E+12,2.23E+12,4.22E+12,23643
HDC현대산업개발,1310269,294870,건설업,18,건설,G201030,2020,6.12E+12,3.37E+12,2.74E+12,3.67E+12,26400
F&F 홀딩스,126487,7700,"섬유,의복",6,"섬유, 의류, 신발, 호화품",G252060,2015,3.33E+11,1.34E+11,2.00E+11,3.70E+11,8700
F&F 홀딩스,126487,7700,"섬유,의복",6,"섬유, 의류, 신발, 호화품",G252060,2016,3.06E+11,78869952091,2.27E+11,4.39E+11,8775
F&F 홀딩스,126487,7700,"섬유,의복",6,"섬유, 의류, 신발, 호화품",G252060,2017,4.00E+11,1.04E+11,2.96E+11,5.61E+11,21150
F&F 홀딩스,126487,7700,"섬유,의복",6,"섬유, 의류, 신발, 호화품",G252060,2018,4.96E+11,1.01E+11,3.95E+11,6.69E+11,20050
F&F 홀딩스,126487,7700,"섬유,의복",6,"섬유, 의류, 신발, 호화품",G252060,2019,6.84E+11,2.01E+11,4.84E+11,9.10E+11,56500
F&F 홀딩스,126487,7700,"섬유,의복",6,"섬유, 의류, 신발, 호화품",G252060,2020,8.18E+11,2.66E+11,5.52E+11,8.38E+11,42500
동국제강,114792,1230,철강및금속,11,철강,G151050,2015,6.90E+12,4.65E+12,2.25E+12,5.72E+12,5650
동국제강,114792,1230,철강및금속,11,철강,G151050,2016,6.32E+12,4.04E+12,2.29E+12,5.01E+12,11050
동국제강,114792,1230,철강및금속,11,철강,G151050,2017,6.09E+12,3.72E+12,2.37E+12,6.05E+12,10950
동국제강,114792,1230,철강및금속,11,철강,G151050,2018,5.73E+12,3.70E+12,2.03E+12,5.96E+12,7240
동국제강,114792,1230,철강및금속,11,철강,G151050,2019,5.44E+12,3.49E+12,1.95E+12,5.66E+12,5930
동국제강,114792,1230,철강및금속,11,철강,G151050,2020,5.42E+12,3.28E+12,2.14E+12,5.21E+12,8120
아시아나항공,138792,20560,운수창고,19,항공사,G203020,2015,9.29E+12,8.44E+12,8.52E+11,5.80E+12,21763
아시아나항공,138792,20560,운수창고,19,항공사,G203020,2016,8.23E+12,7.19E+12,1.04E+12,5.76E+12,20116
아시아나항공,138792,20560,운수창고,19,항공사,G203020,2017,8.55E+12,7.31E+12,1.24E+12,6.23E+12,21953
아시아나항공,138792,20560,운수창고,19,항공사,G203020,2018,8.19E+12,7.10E+12,1.09E+12,7.18E+12,19781
아시아나항공,138792,20560,운수창고,19,항공사,G203020,2019,1.35E+13,1.26E+13,9.08E+11,6.97E+12,25962
아시아나항공,138792,20560,운수창고,19,항공사,G203020,2020,1.39E+13,1.28E+13,1.09E+12,3.90E+12,0
진원생명과학,118521,11000,의약품,9,생물공학,G352010,2015,47691246602,8252364655,39438881947,28364784673,7885
진원생명과학,118521,11000,의약품,9,생물공학,G352010,2016,65661588496,29809403171,35852185325,31371459152,8770
진원생명과학,118521,11000,의약품,9,생물공학,G352010,2017,45634058358,9093752369,36540305989,27171385665,4730
진원생명과학,118521,11000,의약품,9,생물공학,G352010,2018,49295861252,19885704099,29410157153,34292567639,3471
진원생명과학,118521,11000,의약품,9,생물공학,G352010,2019,51152312180,27092145645,24060166535,41241251457,2169
진원생명과학,118521,11000,의약품,9,생물공학,G352010,2020,1.37E+11,38061743643,98508792118,41502728973,21837
한일시멘트,1319808,300720,비금속광물,10,건축자재,G201025,2020,2.40E+12,1.04E+12,1.36E+12,9.74E+11,10350
지누스,150633,13890,미분류,-1,가구,G201035,2017,3.40E+11,2.09E+11,1.32E+11,6.03E+11,0
지누스,150633,13890,미분류,-1,가구,G201035,2018,5.15E+11,3.39E+11,1.76E+11,6.22E+11,0
지누스,150633,13890,미분류,-1,가구,G201035,2019,7.55E+11,3.81E+11,3.74E+11,8.17E+11,84756
지누스,150633,13890,미분류,-1,가구,G201035,2020,8.97E+11,4.82E+11,4.14E+11,9.90E+11,94426
아이에스동서,115977,10780,비금속광물,10,건설,G201030,2015,1.84E+12,1.25E+12,5.97E+11,9.46E+11,43900
아이에스동서,115977,10780,비금속광물,10,건설,G201030,2016,2.07E+12,1.13E+12,9.40E+11,1.72E+12,45200
아이에스동서,115977,10780,비금속광물,10,건설,G201030,2017,2.27E+12,1.17E+12,1.11E+12,1.83E+12,34600
아이에스동서,115977,10780,비금속광물,10,건설,G201030,2018,2.18E+12,1.07E+12,1.11E+12,1.72E+12,30650
아이에스동서,115977,10780,비금속광물,10,건설,G201030,2019,2.88E+12,1.61E+12,1.27E+12,9.64E+11,32950
아이에스동서,115977,10780,비금속광물,10,건설,G201030,2020,3.62E+12,2.23E+12,1.39E+12,1.20E+12,54200
종근당,992871,185750,의약품,9,제약,G352020,2017,6.77E+11,2.74E+11,4.03E+11,8.84E+11,114244
종근당,992871,185750,의약품,9,제약,G352020,2018,7.11E+11,2.81E+11,4.31E+11,9.56E+11,92717
종근당,992871,185750,의약품,9,제약,G352020,2019,8.01E+11,3.26E+11,4.75E+11,1.08E+12,93102
종근당,992871,185750,의약품,9,제약,G352020,2020,9.46E+11,3.95E+11,5.52E+11,1.30E+12,230500
롯데칠성음료,120571,5300,음식료품,5,음료,G302010,2015,4.38E+12,2.02E+12,2.36E+12,2.30E+12,221919
롯데칠성음료,120571,5300,음식료품,5,음료,G302010,2016,4.65E+12,2.28E+12,2.37E+12,2.37E+12,146513
롯데칠성음료,120571,5300,음식료품,5,음료,G302010,2017,3.49E+12,2.17E+12,1.31E+12,2.28E+12,133207
롯데칠성음료,120571,5300,음식료품,5,음료,G302010,2018,3.31E+12,2.07E+12,1.24E+12,2.35E+12,139421
롯데칠성음료,120571,5300,음식료품,5,음료,G302010,2019,3.26E+12,2.03E+12,1.23E+12,2.43E+12,139500
롯데칠성음료,120571,5300,음식료품,5,음료,G302010,2020,3.47E+12,2.16E+12,1.30E+12,2.26E+12,108500
SK네트웍스,131780,1740,유통업,16,복합기업,G201050,2015,8.20E+12,5.68E+12,2.52E+12,2.04E+13,5510
SK네트웍스,131780,1740,유통업,16,복합기업,G201050,2016,8.62E+12,6.21E+12,2.41E+12,1.85E+13,6980
SK네트웍스,131780,1740,유통업,16,복합기업,G201050,2017,7.23E+12,4.88E+12,2.35E+12,1.52E+13,6670
SK네트웍스,131780,1740,유통업,16,복합기업,G201050,2018,7.77E+12,5.46E+12,2.31E+12,1.40E+13,5260
SK네트웍스,131780,1740,유통업,16,복합기업,G201050,2019,1.01E+13,7.83E+12,2.31E+12,1.31E+13,5940
SK네트웍스,131780,1740,유통업,16,복합기업,G201050,2020,8.77E+12,6.53E+12,2.25E+12,1.06E+13,4860
LIG넥스원,503668,79550,기계,12,우주항공과 국방,G201010,2015,1.75E+12,1.18E+12,5.77E+11,1.90E+12,102000
LIG넥스원,503668,79550,기계,12,우주항공과 국방,G201010,2016,1.79E+12,1.16E+12,6.32E+11,1.86E+12,79700
LIG넥스원,503668,79550,기계,12,우주항공과 국방,G201010,2017,2.01E+12,1.40E+12,6.04E+11,1.76E+12,59800
LIG넥스원,503668,79550,기계,12,우주항공과 국방,G201010,2019,2.32E+12,1.68E+12,6.34E+11,1.45E+12,31650
LIG넥스원,503668,79550,기계,12,우주항공과 국방,G201010,2020,2.60E+12,1.92E+12,6.73E+11,1.60E+12,30600
DL,109693,210,금융업,21,건설,G201030,2015,1.21E+13,7.26E+12,4.81E+12,9.51E+12,59728
DL,109693,210,금융업,21,건설,G201030,2016,1.24E+13,7.25E+12,5.15E+12,9.85E+12,79066
DL,109693,210,금융업,21,건설,G201030,2017,1.34E+13,7.71E+12,5.69E+12,1.23E+13,73734
DL,109693,210,금융업,21,건설,G201030,2018,1.28E+13,6.78E+12,6.05E+12,1.10E+13,91265
DL,109693,210,금융업,21,건설,G201030,2019,1.34E+13,6.71E+12,6.74E+12,9.70E+12,81867
DL,109693,210,금융업,21,건설,G201030,2020,1.39E+13,1.07E+13,3.21E+12,1.57E+12,0
영풍,141307,670,철강및금속,11,핸드셋,G452015,2015,3.99E+12,9.84E+11,3.00E+12,2.62E+12,1079000
영풍,141307,670,철강및금속,11,핸드셋,G452015,2016,4.13E+12,9.93E+11,3.14E+12,2.65E+12,1064000
영풍,141307,670,철강및금속,11,핸드셋,G452015,2017,4.80E+12,1.33E+12,3.47E+12,3.72E+12,1066000
영풍,141307,670,철강및금속,11,핸드셋,G452015,2018,4.72E+12,1.21E+12,3.51E+12,2.97E+12,739000
영풍,141307,670,철강및금속,11,핸드셋,G452015,2019,4.83E+12,1.13E+12,3.70E+12,3.08E+12,645000
영풍,141307,670,철강및금속,11,핸드셋,G452015,2020,5.00E+12,1.29E+12,3.71E+12,3.18E+12,532000
녹십자홀딩스,108135,5250,서비스업,26,제약,G352020,2015,2.06E+12,7.51E+11,1.31E+12,1.13E+12,42400
녹십자홀딩스,108135,5250,서비스업,26,제약,G352020,2016,2.25E+12,8.72E+11,1.38E+12,1.35E+12,23600
녹십자홀딩스,108135,5250,서비스업,26,제약,G352020,2017,2.56E+12,1.12E+12,1.44E+12,1.47E+12,39250
녹십자홀딩스,108135,5250,서비스업,26,제약,G352020,2018,2.63E+12,1.18E+12,1.45E+12,1.55E+12,24900
녹십자홀딩스,108135,5250,서비스업,26,제약,G352020,2019,2.77E+12,1.27E+12,1.51E+12,1.52E+12,22000
녹십자홀딩스,108135,5250,서비스업,26,제약,G352020,2020,3.24E+12,1.57E+12,1.67E+12,1.72E+12,43850
솔루엠,1159233,248070,"전기,전자",13,전자장비와 기기,G452030,2020,4.54E+11,3.38E+11,1.17E+11,1.08E+12,0
금호타이어,481454,73240,화학,8,자동차부품,G251010,2015,5.22E+12,3.96E+12,1.26E+12,3.04E+12,6700
금호타이어,481454,73240,화학,8,자동차부품,G251010,2016,5.12E+12,3.91E+12,1.21E+12,2.95E+12,8500
금호타이어,481454,73240,화학,8,자동차부품,G251010,2017,4.54E+12,3.61E+12,9.29E+11,2.88E+12,4350
금호타이어,481454,73240,화학,8,자동차부품,G251010,2018,4.22E+12,2.88E+12,1.34E+12,2.56E+12,5310
금호타이어,481454,73240,화학,8,자동차부품,G251010,2019,3.93E+12,2.64E+12,1.29E+12,2.37E+12,4190
금호타이어,481454,73240,화학,8,자동차부품,G251010,2020,3.85E+12,2.68E+12,1.17E+12,2.17E+12,3675
대한유화,260383,6650,화학,8,화학,G151010,2015,1.53E+12,4.93E+11,1.04E+12,1.73E+12,171500
대한유화,260383,6650,화학,8,화학,G151010,2016,1.76E+12,4.71E+11,1.29E+12,1.60E+12,272000
대한유화,260383,6650,화학,8,화학,G151010,2017,1.97E+12,4.97E+11,1.47E+12,1.78E+12,267000
대한유화,260383,6650,화학,8,화학,G151010,2018,1.98E+12,2.83E+11,1.70E+12,2.55E+12,153500
대한유화,260383,6650,화학,8,화학,G151010,2019,2.03E+12,2.48E+11,1.78E+12,2.07E+12,117000
대한유화,260383,6650,화학,8,화학,G151010,2020,2.13E+12,2.33E+11,1.89E+12,1.88E+12,233000
롯데관광개발,231372,32350,서비스업,26,"호텔, 레스토랑, 레저",G253010,2015,2.49E+11,83771415705,1.65E+11,44668145766,7660
롯데관광개발,231372,32350,서비스업,26,"호텔, 레스토랑, 레저",G253010,2016,3.62E+11,1.96E+11,1.66E+11,50376420169,6660
롯데관광개발,231372,32350,서비스업,26,"호텔, 레스토랑, 레저",G253010,2017,4.02E+11,2.29E+11,1.72E+11,70291534811,10134
롯데관광개발,231372,32350,서비스업,26,"호텔, 레스토랑, 레저",G253010,2018,5.07E+11,2.26E+11,2.81E+11,76076008694,14450
롯데관광개발,231372,32350,서비스업,26,"호텔, 레스토랑, 레저",G253010,2019,5.66E+11,2.68E+11,2.98E+11,88449397734,14300
롯데관광개발,231372,32350,서비스업,26,"호텔, 레스토랑, 레저",G253010,2020,1.20E+12,9.72E+11,2.26E+11,16769428645,15250
SK가스,144164,18670,유통업,16,가스 유틸리티,G551020,2015,4.08E+12,2.45E+12,1.63E+12,4.08E+12,71037
SK가스,144164,18670,유통업,16,가스 유틸리티,G551020,2016,4.07E+12,2.36E+12,1.71E+12,5.25E+12,127143
SK가스,144164,18670,유통업,16,가스 유틸리티,G551020,2017,4.35E+12,2.57E+12,1.78E+12,6.69E+12,92375
SK가스,144164,18670,유통업,16,가스 유틸리티,G551020,2018,3.76E+12,2.11E+12,1.64E+12,6.86E+12,69861
SK가스,144164,18670,유통업,16,가스 유틸리티,G551020,2019,4.08E+12,2.42E+12,1.66E+12,4.93E+12,84600
SK가스,144164,18670,유통업,16,가스 유틸리티,G551020,2020,4.50E+12,2.60E+12,1.90E+12,4.41E+12,104500
미원에스씨,1234297,268280,화학,8,화학,G151010,2019,3.12E+11,62545070863,2.49E+11,3.78E+11,71900
미원에스씨,1234297,268280,화학,8,화학,G151010,2020,3.27E+11,66014613786,2.61E+11,3.72E+11,104000
세방전지,133858,4490,"전기,전자",13,자동차부품,G251010,2015,1.00E+12,2.33E+11,7.68E+11,9.56E+11,40350
세방전지,133858,4490,"전기,전자",13,자동차부품,G251010,2016,1.09E+12,2.60E+11,8.27E+11,9.60E+11,37500
세방전지,133858,4490,"전기,전자",13,자동차부품,G251010,2017,1.15E+12,2.55E+11,8.90E+11,1.11E+12,35750
세방전지,133858,4490,"전기,전자",13,자동차부품,G251010,2018,1.27E+12,2.85E+11,9.82E+11,1.18E+12,35600
세방전지,133858,4490,"전기,전자",13,자동차부품,G251010,2019,1.51E+12,4.56E+11,1.05E+12,1.14E+12,37250
세방전지,133858,4490,"전기,전자",13,자동차부품,G251010,2020,1.51E+12,3.78E+11,1.14E+12,1.25E+12,73900
이노션,565154,214320,서비스업,26,광고,G502010,2015,1.43E+12,8.07E+11,6.24E+11,9.88E+11,70000
이노션,565154,214320,서비스업,26,광고,G502010,2016,1.68E+12,9.97E+11,6.78E+11,1.05E+12,57100
이노션,565154,214320,서비스업,26,광고,G502010,2017,1.63E+12,9.41E+11,6.86E+11,1.14E+12,73300
이노션,565154,214320,서비스업,26,광고,G502010,2018,1.74E+12,9.99E+11,7.42E+11,1.24E+12,62600
이노션,565154,214320,서비스업,26,광고,G502010,2019,2.08E+12,1.29E+12,7.81E+11,1.27E+12,70900
이노션,565154,214320,서비스업,26,광고,G502010,2020,2.04E+12,1.26E+12,7.84E+11,1.22E+12,59500
코스맥스,1009789,192820,화학,8,화장품,G252065,2015,4.39E+11,3.42E+11,96519735582,5.33E+11,176828
코스맥스,1009789,192820,화학,8,화장품,G252065,2016,6.66E+11,4.59E+11,2.07E+11,7.57E+11,114687
코스맥스,1009789,192820,화학,8,화장품,G252065,2017,9.34E+11,7.06E+11,2.28E+11,8.84E+11,117138
코스맥스,1009789,192820,화학,8,화장품,G252065,2018,1.06E+12,8.20E+11,2.42E+11,1.26E+12,129881
코스맥스,1009789,192820,화학,8,화장품,G252065,2019,1.20E+12,8.88E+11,3.16E+11,1.33E+12,78124
코스맥스,1009789,192820,화학,8,화장품,G252065,2020,1.19E+12,9.17E+11,2.72E+11,1.38E+12,97925
더블유게임즈,1010110,192080,서비스업,26,게임엔터테인먼트,G502040,2016,4.37E+11,58747431648,3.78E+11,1.56E+11,39550
태광산업,153393,3240,화학,8,화학,G151010,2015,3.82E+12,8.75E+11,2.95E+12,2.80E+12,1078000
태광산업,153393,3240,화학,8,화학,G151010,2016,3.82E+12,8.45E+11,2.98E+12,2.67E+12,960000
태광산업,153393,3240,화학,8,화학,G151010,2017,4.11E+12,9.35E+11,3.17E+12,2.92E+12,1317000
태광산업,153393,3240,화학,8,화학,G151010,2018,4.50E+12,9.98E+11,3.50E+12,3.11E+12,1321000
태광산업,153393,3240,화학,8,화학,G151010,2019,4.36E+12,8.73E+11,3.48E+12,2.92E+12,1066000
태광산업,153393,3240,화학,8,화학,G151010,2020,4.06E+12,7.25E+11,3.34E+12,1.74E+12,808000
미원상사,121932,2840,화학,8,화학,G151010,2015,2.31E+11,67619909412,1.64E+11,2.39E+11,26355
미원상사,121932,2840,화학,8,화학,G151010,2016,3.30E+11,90359268103,2.39E+11,3.02E+11,30757
미원상사,121932,2840,화학,8,화학,G151010,2017,2.90E+11,82925831247,2.07E+11,3.19E+11,33106
미원상사,121932,2840,화학,8,화학,G151010,2018,2.46E+11,47856988303,1.98E+11,3.29E+11,37512
미원상사,121932,2840,화학,8,화학,G151010,2019,2.81E+11,56138292339,2.25E+11,2.50E+11,58200
미원상사,121932,2840,화학,8,화학,G151010,2020,3.29E+11,61380690918,2.68E+11,2.95E+11,123000
한올바이오파마,162586,9420,의약품,9,제약,G352020,2015,1.17E+11,21909162623,95216399378,80022559942,13200
한올바이오파마,162586,9420,의약품,9,제약,G352020,2016,1.25E+11,20373365518,1.04E+11,82881524071,13250
한올바이오파마,162586,9420,의약품,9,제약,G352020,2017,1.69E+11,57497660963,1.11E+11,84230756083,24000
한올바이오파마,162586,9420,의약품,9,제약,G352020,2018,1.62E+11,45386080654,1.17E+11,91839350940,36400
한올바이오파마,162586,9420,의약품,9,제약,G352020,2019,1.91E+11,50965912355,1.40E+11,1.08E+11,37000
한올바이오파마,162586,9420,의약품,9,제약,G352020,2020,2.20E+11,38858947934,1.81E+11,88602270090,37500
신세계인터내셔날,234412,31430,유통업,16,"섬유, 의류, 신발, 호화품",G252060,2015,9.14E+11,4.49E+11,4.65E+11,1.01E+12,101500
신세계인터내셔날,234412,31430,유통업,16,"섬유, 의류, 신발, 호화품",G252060,2016,9.66E+11,4.88E+11,4.79E+11,1.02E+12,66200
신세계인터내셔날,234412,31430,유통업,16,"섬유, 의류, 신발, 호화품",G252060,2017,9.51E+11,4.55E+11,4.96E+11,1.10E+12,73700
신세계인터내셔날,234412,31430,유통업,16,"섬유, 의류, 신발, 호화품",G252060,2018,9.82E+11,4.38E+11,5.45E+11,1.26E+12,196000
신세계인터내셔날,234412,31430,유통업,16,"섬유, 의류, 신발, 호화품",G252060,2019,1.13E+12,5.30E+11,5.99E+11,1.43E+12,220500
신세계인터내셔날,234412,31430,유통업,16,"섬유, 의류, 신발, 호화품",G252060,2020,1.15E+12,5.06E+11,6.41E+11,1.33E+12,160500
보령제약,123143,3850,의약품,9,제약,G352020,2017,4.03E+11,1.53E+11,2.50E+11,4.23E+11,7430
보령제약,123143,3850,의약품,9,제약,G352020,2018,4.50E+11,1.94E+11,2.56E+11,4.60E+11,7518
보령제약,123143,3850,의약품,9,제약,G352020,2019,5.08E+11,2.25E+11,2.83E+11,5.24E+11,12668
보령제약,123143,3850,의약품,9,제약,G352020,2020,6.48E+11,3.08E+11,3.40E+11,5.62E+11,15654
대덕전자,1478712,353200,"전기,전자",13,전자장비와 기기,G452030,2020,8.09E+11,1.71E+11,6.38E+11,6.21E+11,12750
다우기술,176914,23590,서비스업,26,IT서비스,G451020,2015,7.16E+12,5.71E+12,1.45E+12,1.05E+12,21900
다우기술,176914,23590,서비스업,26,IT서비스,G451020,2016,9.82E+12,8.21E+12,1.61E+12,1.15E+12,18100
다우기술,176914,23590,서비스업,26,IT서비스,G451020,2017,1.31E+13,1.12E+13,1.91E+12,1.35E+12,19350
다우기술,176914,23590,서비스업,26,IT서비스,G451020,2018,1.93E+13,1.69E+13,2.44E+12,2.21E+12,19050
다우기술,176914,23590,서비스업,26,IT서비스,G451020,2019,2.47E+13,2.21E+13,2.66E+12,2.90E+12,19000
다우기술,176914,23590,서비스업,26,IT서비스,G451020,2020,3.86E+13,3.54E+13,3.25E+12,4.73E+12,21950
KG동부제철,115676,16380,철강및금속,11,철강,G151050,2015,2.89E+12,2.89E+12,3416215836,2.32E+12,205438
KG동부제철,115676,16380,철강및금속,11,철강,G151050,2016,2.82E+12,2.70E+12,1.26E+11,2.33E+12,49166
KG동부제철,115676,16380,철강및금속,11,철강,G151050,2017,2.68E+12,2.52E+12,1.66E+11,2.60E+12,32133
KG동부제철,115676,16380,철강및금속,11,철강,G151050,2018,2.51E+12,2.50E+12,6435557954,2.55E+12,21400
KG동부제철,115676,16380,철강및금속,11,철강,G151050,2019,2.36E+12,1.47E+12,8.89E+11,2.43E+12,7910
KG동부제철,115676,16380,철강및금속,11,철강,G151050,2020,2.26E+12,1.29E+12,9.73E+11,2.34E+12,11950
티와이홀딩스,1497869,363280,금융업,21,건설,G201030,2020,2.00E+12,7.11E+11,1.29E+12,92898822796,27800
하나투어,269940,39130,서비스업,26,"호텔, 레스토랑, 레저",G253010,2015,5.04E+11,2.87E+11,2.17E+11,4.59E+11,115000
하나투어,269940,39130,서비스업,26,"호텔, 레스토랑, 레저",G253010,2016,5.20E+11,3.08E+11,2.12E+11,5.96E+11,65200
하나투어,269940,39130,서비스업,26,"호텔, 레스토랑, 레저",G253010,2017,6.05E+11,3.63E+11,2.41E+11,6.82E+11,105500
하나투어,269940,39130,서비스업,26,"호텔, 레스토랑, 레저",G253010,2018,7.16E+11,4.76E+11,2.40E+11,8.28E+11,68900
하나투어,269940,39130,서비스업,26,"호텔, 레스토랑, 레저",G253010,2020,7.03E+11,5.78E+11,1.25E+11,1.10E+11,56600
오리온홀딩스,117577,1800,금융업,21,식품,G302020,2015,3.00E+12,1.47E+12,1.53E+12,2.38E+12,56491
오리온홀딩스,117577,1800,금융업,21,식품,G302020,2016,2.91E+12,1.20E+12,1.70E+12,2.39E+12,31978
오리온홀딩스,117577,1800,금융업,21,식품,G302020,2017,4.30E+12,1.18E+12,3.12E+12,1.13E+11,26900
오리온홀딩스,117577,1800,금융업,21,식품,G302020,2018,4.34E+12,1.17E+12,3.18E+12,2.00E+12,17000
오리온홀딩스,117577,1800,금융업,21,식품,G302020,2019,4.37E+12,1.03E+12,3.34E+12,2.10E+12,17800
오리온홀딩스,117577,1800,금융업,21,식품,G302020,2020,4.50E+12,1.00E+12,3.49E+12,2.28E+12,13200
화승엔터프라이즈,1128613,241590,미분류,-1,"섬유, 의류, 신발, 호화품",G252060,2016,4.37E+11,2.44E+11,1.93E+11,6.40E+11,7650
화승엔터프라이즈,1128613,241590,미분류,-1,"섬유, 의류, 신발, 호화품",G252060,2017,6.27E+11,3.65E+11,2.61E+11,7.68E+11,11975
화승엔터프라이즈,1128613,241590,미분류,-1,"섬유, 의류, 신발, 호화품",G252060,2018,7.60E+11,4.77E+11,2.83E+11,8.79E+11,10500
화승엔터프라이즈,1128613,241590,미분류,-1,"섬유, 의류, 신발, 호화품",G252060,2019,9.79E+11,6.11E+11,3.67E+11,1.20E+12,17000
화승엔터프라이즈,1128613,241590,미분류,-1,"섬유, 의류, 신발, 호화품",G252060,2020,1.15E+12,6.17E+11,5.37E+11,1.12E+12,14050
LX인터내셔널,120076,1120,유통업,16,무역회사와 판매업체,G201070,2015,5.38E+12,3.84E+12,1.54E+12,1.32E+13,33300
LX인터내셔널,120076,1120,유통업,16,무역회사와 판매업체,G201070,2016,5.18E+12,3.53E+12,1.65E+12,1.20E+13,29450
LX인터내셔널,120076,1120,유통업,16,무역회사와 판매업체,G201070,2017,4.97E+12,3.38E+12,1.59E+12,1.28E+13,27150
LX인터내셔널,120076,1120,유통업,16,무역회사와 판매업체,G201070,2018,5.04E+12,3.49E+12,1.55E+12,9.99E+12,15350
LX인터내셔널,120076,1120,유통업,16,무역회사와 판매업체,G201070,2019,4.88E+12,3.33E+12,1.55E+12,1.05E+13,15050
LX인터내셔널,120076,1120,유통업,16,무역회사와 판매업체,G201070,2020,5.40E+12,3.64E+12,1.76E+12,1.13E+13,25200
휴켐스,426086,69260,화학,8,화학,G151010,2015,7.11E+11,2.38E+11,4.73E+11,6.00E+11,15100
휴켐스,426086,69260,화학,8,화학,G151010,2016,7.49E+11,2.56E+11,4.93E+11,5.98E+11,21700
휴켐스,426086,69260,화학,8,화학,G151010,2017,8.82E+11,2.83E+11,5.99E+11,7.16E+11,24500
휴켐스,426086,69260,화학,8,화학,G151010,2018,8.65E+11,1.99E+11,6.66E+11,7.63E+11,24050
휴켐스,426086,69260,화학,8,화학,G151010,2019,9.14E+11,2.42E+11,6.72E+11,6.60E+11,21100
휴켐스,426086,69260,화학,8,화학,G151010,2020,8.67E+11,1.79E+11,6.87E+11,5.94E+11,26000
제이콘텐트리,203315,36420,서비스업,26,방송과엔터테인먼트,G502020,2015,4.56E+11,3.78E+11,78224723036,3.50E+11,54199
제이콘텐트리,203315,36420,서비스업,26,방송과엔터테인먼트,G502020,2016,5.50E+11,4.25E+11,1.25E+11,3.35E+11,36840
제이콘텐트리,203315,36420,서비스업,26,방송과엔터테인먼트,G502020,2017,6.62E+11,4.26E+11,2.36E+11,4.20E+11,51909
제이콘텐트리,203315,36420,서비스업,26,방송과엔터테인먼트,G502020,2018,8.21E+11,4.00E+11,4.21E+11,5.11E+11,45300
제이콘텐트리,203315,36420,서비스업,26,방송과엔터테인먼트,G502020,2019,1.16E+12,7.41E+11,4.21E+11,5.54E+11,38650
제이콘텐트리,203315,36420,서비스업,26,방송과엔터테인먼트,G502020,2020,1.48E+12,1.21E+12,2.64E+11,3.64E+11,39000
유니드,159786,14830,화학,8,화학,G151010,2015,1.04E+12,4.30E+11,6.07E+11,7.08E+11,45150
유니드,159786,14830,화학,8,화학,G151010,2016,1.05E+12,4.15E+11,6.32E+11,7.41E+11,44900
유니드,159786,14830,화학,8,화학,G151010,2017,1.11E+12,4.64E+11,6.49E+11,7.62E+11,46500
유니드,159786,14830,화학,8,화학,G151010,2018,1.11E+12,4.56E+11,6.55E+11,8.14E+11,41700
유니드,159786,14830,화학,8,화학,G151010,2019,1.08E+12,3.67E+11,7.09E+11,8.75E+11,47500
유니드,159786,14830,화학,8,화학,G151010,2020,1.12E+12,3.39E+11,7.82E+11,8.90E+11,48300
제이알글로벌리츠,1415892,348950,서비스업,26,부동산,G405020,2020,1.81E+12,9.92E+11,8.23E+11,42374581321,5170
한섬,188089,20000,"섬유,의복",6,"섬유, 의류, 신발, 호화품",G252060,2015,9.57E+11,1.26E+11,8.31E+11,6.17E+11,40000
한섬,188089,20000,"섬유,의복",6,"섬유, 의류, 신발, 호화품",G252060,2016,1.04E+12,1.58E+11,8.80E+11,7.12E+11,34850
쿠쿠홈시스,1267684,284740,서비스업,26,가정용 기기와 용품,G252040,2017,4.29E+11,70321944470,3.59E+11,30302120514,0
쿠쿠홈시스,1267684,284740,서비스업,26,가정용 기기와 용품,G252040,2018,5.13E+11,1.33E+11,3.80E+11,4.19E+11,35100
쿠쿠홈시스,1267684,284740,서비스업,26,가정용 기기와 용품,G252040,2019,6.27E+11,1.69E+11,4.58E+11,6.64E+11,43550
쿠쿠홈시스,1267684,284740,서비스업,26,가정용 기기와 용품,G252040,2020,7.08E+11,1.72E+11,5.36E+11,7.87E+11,39300
CJ CGV,303873,79160,서비스업,26,방송과엔터테인먼트,G502020,2015,1.42E+12,9.72E+11,4.45E+11,1.19E+12,115199
CJ CGV,303873,79160,서비스업,26,방송과엔터테인먼트,G502020,2016,2.54E+12,1.62E+12,9.20E+11,1.43E+12,63767
CJ CGV,303873,79160,서비스업,26,방송과엔터테인먼트,G502020,2017,2.46E+12,1.68E+12,7.78E+11,1.71E+12,68665
CJ CGV,303873,79160,서비스업,26,방송과엔터테인먼트,G502020,2018,2.23E+12,1.68E+12,5.50E+11,1.77E+12,37280
CJ CGV,303873,79160,서비스업,26,방송과엔터테인먼트,G502020,2019,4.52E+12,3.92E+12,6.01E+11,1.94E+12,31611
CJ CGV,303873,79160,서비스업,26,방송과엔터테인먼트,G502020,2020,4.35E+12,4.07E+12,2.88E+11,5.83E+11,25400
한국콜마,939331,161890,화학,8,화장품,G252065,2015,3.44E+11,1.24E+11,2.21E+11,5.36E+11,95000
한국콜마,939331,161890,화학,8,화장품,G252065,2016,4.93E+11,2.05E+11,2.88E+11,6.67E+11,65100
한국콜마,939331,161890,화학,8,화장품,G252065,2017,6.69E+11,3.36E+11,3.33E+11,8.22E+11,82900
한국콜마,939331,161890,화학,8,화장품,G252065,2018,2.19E+12,1.38E+12,8.10E+11,1.36E+12,71400
한국콜마,939331,161890,화학,8,화장품,G252065,2019,2.40E+12,1.55E+12,8.48E+11,1.54E+12,47450
한국콜마,939331,161890,화학,8,화장품,G252065,2020,2.49E+12,1.49E+12,9.99E+11,1.32E+12,51200
부광약품,123718,3000,의약품,9,제약,G352020,2015,2.54E+11,28506805606,2.25E+11,1.42E+11,13061
부광약품,123718,3000,의약품,9,제약,G352020,2016,2.38E+11,23000151483,2.15E+11,1.39E+11,16096
부광약품,123718,3000,의약품,9,제약,G352020,2017,2.36E+11,24926592200,2.11E+11,1.51E+11,15849
부광약품,123718,3000,의약품,9,제약,G352020,2018,4.94E+11,80172893218,4.13E+11,1.94E+11,22113
부광약품,123718,3000,의약품,9,제약,G352020,2019,3.89E+11,62048555734,3.26E+11,1.68E+11,13112
부광약품,123718,3000,의약품,9,제약,G352020,2020,4.01E+11,1.30E+11,2.71E+11,1.70E+11,28500
진에어,653024,272450,운수창고,19,항공사,G203020,2018,5.20E+11,2.53E+11,2.66E+11,1.01E+12,16807
SK디스커버리,131832,6120,금융업,21,석유와 가스,G101020,2015,6.60E+12,4.01E+12,2.59E+12,5.27E+12,44836
SK디스커버리,131832,6120,금융업,21,석유와 가스,G101020,2016,6.55E+12,3.88E+12,2.66E+12,6.53E+12,41562
SK디스커버리,131832,6120,금융업,21,석유와 가스,G101020,2017,5.03E+12,2.90E+12,2.12E+12,6.75E+12,0
SK디스커버리,131832,6120,금융업,21,석유와 가스,G101020,2018,4.81E+12,2.49E+12,2.32E+12,6.94E+12,26200
SK디스커버리,131832,6120,금융업,21,석유와 가스,G101020,2019,5.00E+12,2.68E+12,2.32E+12,5.02E+12,26150
SK디스커버리,131832,6120,금융업,21,석유와 가스,G101020,2020,5.62E+12,3.01E+12,2.62E+12,4.52E+12,67100
넥스트사이언스,169048,3580,미분류,-1,식품,G302020,2018,1.60E+11,87638250493,72355371892,13237690408,6100
넥스트사이언스,169048,3580,미분류,-1,식품,G302020,2019,1.29E+11,48334755664,81066993216,35025713235,8110
넥스트사이언스,169048,3580,미분류,-1,식품,G302020,2020,1.31E+11,57149140836,73620122099,35376821510,5420
엠씨넥스,564562,97520,"전기,전자",13,핸드셋,G452015,2015,2.73E+11,1.82E+11,91002739893,5.03E+11,20866
엠씨넥스,564562,97520,"전기,전자",13,핸드셋,G452015,2016,2.95E+11,2.31E+11,63603765270,4.12E+11,12500
엠씨넥스,564562,97520,"전기,전자",13,핸드셋,G452015,2017,3.88E+11,2.90E+11,98018386623,6.68E+11,13866
엠씨넥스,564562,97520,"전기,전자",13,핸드셋,G452015,2018,3.91E+11,2.61E+11,1.30E+11,6.97E+11,13200
엠씨넥스,564562,97520,"전기,전자",13,핸드셋,G452015,2019,4.77E+11,2.52E+11,2.25E+11,1.27E+12,37700
엠씨넥스,564562,97520,"전기,전자",13,핸드셋,G452015,2020,4.53E+11,2.00E+11,2.53E+11,1.31E+12,40950
SBS,130772,34120,서비스업,26,방송과엔터테인먼트,G502020,2015,9.34E+11,3.66E+11,5.68E+11,7.93E+11,34500
SBS,130772,34120,서비스업,26,방송과엔터테인먼트,G502020,2016,8.94E+11,3.53E+11,5.41E+11,8.29E+11,26300
SBS,130772,34120,서비스업,26,방송과엔터테인먼트,G502020,2017,1.09E+12,5.29E+11,5.63E+11,7.73E+11,26300
SBS,130772,34120,서비스업,26,방송과엔터테인먼트,G502020,2018,9.58E+11,3.89E+11,5.68E+11,9.14E+11,19850
SBS,130772,34120,서비스업,26,방송과엔터테인먼트,G502020,2019,1.25E+12,6.01E+11,6.47E+11,8.18E+11,20600
SBS,130772,34120,서비스업,26,방송과엔터테인먼트,G502020,2020,1.17E+12,6.03E+11,5.67E+11,8.60E+11,23750
풍산,684714,103140,철강및금속,11,비철금속,G151040,2015,2.61E+12,1.51E+12,1.09E+12,2.82E+12,27050
풍산,684714,103140,철강및금속,11,비철금속,G151040,2016,2.71E+12,1.48E+12,1.23E+12,2.83E+12,40500
풍산,684714,103140,철강및금속,11,비철금속,G151040,2017,2.73E+12,1.42E+12,1.31E+12,2.94E+12,48200
풍산,684714,103140,철강및금속,11,비철금속,G151040,2018,2.67E+12,1.29E+12,1.38E+12,2.77E+12,27300
풍산,684714,103140,철강및금속,11,비철금속,G151040,2019,2.56E+12,1.18E+12,1.38E+12,2.45E+12,23600
풍산,684714,103140,철강및금속,11,비철금속,G151040,2020,2.55E+12,1.11E+12,1.45E+12,2.59E+12,28350
한세실업,728638,105630,"섬유,의복",6,"섬유, 의류, 신발, 호화품",G252060,2015,9.92E+11,5.67E+11,4.26E+11,1.59E+12,52200
한세실업,728638,105630,"섬유,의복",6,"섬유, 의류, 신발, 호화품",G252060,2016,1.27E+12,7.07E+11,5.64E+11,1.55E+12,25650
한세실업,728638,105630,"섬유,의복",6,"섬유, 의류, 신발, 호화품",G252060,2017,1.20E+12,6.22E+11,5.74E+11,1.71E+12,26950
한세실업,728638,105630,"섬유,의복",6,"섬유, 의류, 신발, 호화품",G252060,2018,1.17E+12,6.78E+11,4.93E+11,1.71E+12,19600
한세실업,728638,105630,"섬유,의복",6,"섬유, 의류, 신발, 호화품",G252060,2019,1.18E+12,7.24E+11,4.55E+11,1.92E+12,17250
한세실업,728638,105630,"섬유,의복",6,"섬유, 의류, 신발, 호화품",G252060,2020,1.02E+12,6.00E+11,4.21E+11,1.70E+12,17450
서울도시가스,130684,17390,전기가스업,17,가스 유틸리티,G551020,2015,1.44E+12,5.63E+11,8.74E+11,1.54E+12,112500
서울도시가스,130684,17390,전기가스업,17,가스 유틸리티,G551020,2016,1.47E+12,5.76E+11,8.91E+11,1.27E+12,83000
서울도시가스,130684,17390,전기가스업,17,가스 유틸리티,G551020,2017,1.55E+12,6.29E+11,9.17E+11,1.35E+12,94000
서울도시가스,130684,17390,전기가스업,17,가스 유틸리티,G551020,2018,1.37E+12,4.21E+11,9.48E+11,1.39E+12,84300
서울도시가스,130684,17390,전기가스업,17,가스 유틸리티,G551020,2019,1.58E+12,6.16E+11,9.68E+11,1.36E+12,70800
서울도시가스,130684,17390,전기가스업,17,가스 유틸리티,G551020,2020,1.69E+12,6.55E+11,1.03E+12,1.28E+12,89500
제주항공,555874,89590,운수창고,19,항공사,G203020,2016,6.00E+11,3.28E+11,2.72E+11,7.48E+11,20828
제주항공,555874,89590,운수창고,19,항공사,G203020,2017,8.00E+11,4.69E+11,3.31E+11,9.96E+11,29729
제주항공,555874,89590,운수창고,19,항공사,G203020,2018,1.03E+12,6.49E+11,3.82E+11,1.26E+12,28218
제주항공,555874,89590,운수창고,19,항공사,G203020,2019,1.47E+12,1.14E+12,3.25E+11,1.38E+12,22508
제주항공,555874,89590,운수창고,19,항공사,G203020,2020,1.17E+12,9.52E+11,2.17E+11,3.77E+11,16947
현대일렉트릭,1205851,267260,"전기,전자",13,전기장비,G201040,2017,2.09E+12,1.05E+12,1.04E+12,1.45E+12,48923
현대일렉트릭,1205851,267260,"전기,전자",13,전기장비,G201040,2018,2.33E+12,1.47E+12,8.51E+11,1.94E+12,19288
현대일렉트릭,1205851,267260,"전기,전자",13,전기장비,G201040,2019,2.26E+12,1.56E+12,7.00E+11,1.77E+12,11550
현대일렉트릭,1205851,267260,"전기,전자",13,전기장비,G201040,2020,2.27E+12,1.59E+12,6.79E+11,1.81E+12,16150
효성화학,1316236,298000,화학,8,화학,G151010,2018,1.65E+12,1.29E+12,3.67E+11,1.12E+12,140500
효성화학,1316236,298000,화학,8,화학,G151010,2019,2.06E+12,1.61E+12,4.55E+11,1.81E+12,145000
효성화학,1316236,298000,화학,8,화학,G151010,2020,2.42E+12,2.02E+12,4.02E+11,1.82E+12,161000
현대그린푸드,105280,5440,유통업,16,가정용 기기와 용품,G252040,2015,1.95E+12,4.86E+11,1.47E+12,2.11E+12,24550
현대그린푸드,105280,5440,유통업,16,가정용 기기와 용품,G252040,2016,2.18E+12,5.75E+11,1.61E+12,2.52E+12,15200
현대그린푸드,105280,5440,유통업,16,가정용 기기와 용품,G252040,2017,2.80E+12,7.54E+11,2.04E+12,2.53E+12,14900
현대그린푸드,105280,5440,유통업,16,가정용 기기와 용품,G252040,2018,2.84E+12,7.26E+11,2.11E+12,3.25E+12,14200
현대그린푸드,105280,5440,유통업,16,가정용 기기와 용품,G252040,2019,2.97E+12,8.50E+11,2.12E+12,3.12E+12,11800
현대그린푸드,105280,5440,유통업,16,가정용 기기와 용품,G252040,2020,3.07E+12,8.78E+11,2.19E+12,3.24E+12,8780
삼양홀딩스,126937,70,금융업,21,식품,G302020,2015,3.07E+12,1.28E+12,1.80E+12,2.18E+12,156500
삼양홀딩스,126937,70,금융업,21,식품,G302020,2016,3.17E+12,1.32E+12,1.85E+12,2.31E+12,119500
삼양홀딩스,126937,70,금융업,21,식품,G302020,2017,3.26E+12,1.33E+12,1.93E+12,2.40E+12,121500
삼양홀딩스,126937,70,금융업,21,식품,G302020,2018,3.31E+12,1.31E+12,2.00E+12,2.56E+12,78000
삼양홀딩스,126937,70,금융업,21,식품,G302020,2019,3.59E+12,1.56E+12,2.03E+12,2.49E+12,67000
삼양홀딩스,126937,70,금융업,21,식품,G302020,2020,3.89E+12,1.74E+12,2.16E+12,2.47E+12,74400
동원산업,118026,6040,미분류,-1,식품,G302020,2016,1.90E+12,1.11E+12,7.91E+11,1.58E+12,363500
동원산업,118026,6040,미분류,-1,식품,G302020,2017,2.56E+12,1.66E+12,9.04E+11,2.38E+12,335500
동원산업,118026,6040,미분류,-1,식품,G302020,2018,2.59E+12,1.62E+12,9.74E+11,2.44E+12,204000
동원산업,118026,6040,미분류,-1,식품,G302020,2019,2.99E+12,1.91E+12,1.08E+12,2.68E+12,213000
동원산업,118026,6040,미분류,-1,식품,G302020,2020,3.11E+12,1.81E+12,1.30E+12,2.86E+12,222500
해성디에스,1032413,195870,"전기,전자",13,반도체와 반도체 장비,G453010,2016,2.51E+11,89602353484,1.61E+11,2.76E+11,12950
해성디에스,1032413,195870,"전기,전자",13,반도체와 반도체 장비,G453010,2017,2.90E+11,1.09E+11,1.81E+11,3.25E+11,16600
해성디에스,1032413,195870,"전기,전자",13,반도체와 반도체 장비,G453010,2018,3.06E+11,1.10E+11,1.96E+11,3.63E+11,13000
해성디에스,1032413,195870,"전기,전자",13,반도체와 반도체 장비,G453010,2019,3.27E+11,1.18E+11,2.09E+11,3.81E+11,16000
해성디에스,1032413,195870,"전기,전자",13,반도체와 반도체 장비,G453010,2020,3.83E+11,1.51E+11,2.32E+11,4.59E+11,24800
경동나비엔,101488,9450,"전기,전자",13,가정용 기기와 용품,G252040,2015,4.02E+11,1.96E+11,2.06E+11,5.12E+11,31300
경동나비엔,101488,9450,"전기,전자",13,가정용 기기와 용품,G252040,2016,4.30E+11,1.91E+11,2.39E+11,5.83E+11,43050
경동나비엔,101488,9450,"전기,전자",13,가정용 기기와 용품,G252040,2017,5.04E+11,2.47E+11,2.57E+11,6.85E+11,51600
경동나비엔,101488,9450,"전기,전자",13,가정용 기기와 용품,G252040,2018,5.84E+11,3.03E+11,2.80E+11,7.27E+11,41550
경동나비엔,101488,9450,"전기,전자",13,가정용 기기와 용품,G252040,2019,6.10E+11,3.09E+11,3.01E+11,7.74E+11,46250
경동나비엔,101488,9450,"전기,전자",13,가정용 기기와 용품,G252040,2020,7.35E+11,3.87E+11,3.48E+11,8.73E+11,52400
대상,121941,1680,음식료품,5,식품,G302020,2015,2.10E+12,1.29E+12,8.19E+11,2.64E+12,32300
대상,121941,1680,음식료품,5,식품,G302020,2016,2.31E+12,1.44E+12,8.67E+11,2.86E+12,26500
대상,121941,1680,음식료품,5,식품,G302020,2017,2.25E+12,1.37E+12,8.84E+11,2.97E+12,27500
대상,121941,1680,음식료품,5,식품,G302020,2018,2.20E+12,1.27E+12,9.29E+11,2.96E+12,25050
대상,121941,1680,음식료품,5,식품,G302020,2019,2.40E+12,1.37E+12,1.02E+12,2.96E+12,23200
대상,121941,1680,음식료품,5,식품,G302020,2020,2.53E+12,1.43E+12,1.10E+12,3.11E+12,26100
현대홈쇼핑,412597,57050,유통업,16,인터넷과 카탈로그 소매,G255020,2015,1.67E+12,3.10E+11,1.36E+12,8.96E+11,115000
현대홈쇼핑,412597,57050,유통업,16,인터넷과 카탈로그 소매,G255020,2016,1.90E+12,4.48E+11,1.46E+12,9.69E+11,112000
현대홈쇼핑,412597,57050,유통업,16,인터넷과 카탈로그 소매,G255020,2017,1.88E+12,3.31E+11,1.54E+12,1.04E+12,121500
현대홈쇼핑,412597,57050,유통업,16,인터넷과 카탈로그 소매,G255020,2018,2.55E+12,8.63E+11,1.68E+12,1.02E+12,98500
현대홈쇼핑,412597,57050,유통업,16,인터넷과 카탈로그 소매,G255020,2019,2.50E+12,7.75E+11,1.73E+12,2.06E+12,80600
현대홈쇼핑,412597,57050,유통업,16,인터넷과 카탈로그 소매,G255020,2020,2.69E+12,8.98E+11,1.79E+12,2.14E+12,80800
대한해운,113535,5880,운수창고,19,해운사,G203030,2015,1.52E+12,9.49E+11,5.69E+11,5.32E+11,1770
대한해운,113535,5880,운수창고,19,해운사,G203030,2016,2.20E+12,1.58E+12,6.26E+11,5.40E+11,1584
대한해운,113535,5880,운수창고,19,해운사,G203030,2017,2.59E+12,1.90E+12,6.88E+11,1.56E+12,2138
대한해운,113535,5880,운수창고,19,해운사,G203030,2018,2.93E+12,2.15E+12,7.79E+11,1.28E+12,2022
대한해운,113535,5880,운수창고,19,해운사,G203030,2019,3.34E+12,2.45E+12,8.95E+11,1.01E+12,2143
대한해운,113535,5880,운수창고,19,해운사,G203030,2020,3.35E+12,2.49E+12,8.53E+11,8.84E+11,2902
GKL,557508,114090,서비스업,26,"호텔, 레스토랑, 레저",G253010,2018,7.66E+11,2.04E+11,5.62E+11,4.80E+11,24650
GKL,557508,114090,서비스업,26,"호텔, 레스토랑, 레저",G253010,2019,9.09E+11,3.24E+11,5.85E+11,4.91E+11,19500
GKL,557508,114090,서비스업,26,"호텔, 레스토랑, 레저",G253010,2020,7.08E+11,2.22E+11,4.86E+11,1.84E+11,16550
이연제약,145598,102460,의약품,9,제약,G352020,2017,2.91E+11,71178763083,2.20E+11,1.26E+11,21087
이연제약,145598,102460,의약품,9,제약,G352020,2018,3.03E+11,77774822762,2.25E+11,1.23E+11,13731
이연제약,145598,102460,의약품,9,제약,G352020,2019,2.74E+11,52190654111,2.22E+11,1.32E+11,15693
이연제약,145598,102460,의약품,9,제약,G352020,2020,3.18E+11,87520569279,2.30E+11,1.30E+11,22200